-- MySQL dump 10.17  Distrib 10.3.15-MariaDB, for osx10.13 (x86_64)
--
-- Host: 0.0.0.0    Database: laravel
-- ------------------------------------------------------
-- Server version	10.3.6-MariaDB-1:10.3.6+maria~jessie

/*!40101 SET @OLD_CHARACTER_SET_CLIENT=@@CHARACTER_SET_CLIENT */;
/*!40101 SET @OLD_CHARACTER_SET_RESULTS=@@CHARACTER_SET_RESULTS */;
/*!40101 SET @OLD_COLLATION_CONNECTION=@@COLLATION_CONNECTION */;
/*!40101 SET NAMES utf8mb4 */;
/*!40103 SET @OLD_TIME_ZONE=@@TIME_ZONE */;
/*!40103 SET TIME_ZONE='+00:00' */;
/*!40014 SET @OLD_UNIQUE_CHECKS=@@UNIQUE_CHECKS, UNIQUE_CHECKS=0 */;
/*!40014 SET @OLD_FOREIGN_KEY_CHECKS=@@FOREIGN_KEY_CHECKS, FOREIGN_KEY_CHECKS=0 */;
/*!40101 SET @OLD_SQL_MODE=@@SQL_MODE, SQL_MODE='NO_AUTO_VALUE_ON_ZERO' */;
/*!40111 SET @OLD_SQL_NOTES=@@SQL_NOTES, SQL_NOTES=0 */;

--
-- Table structure for table `anonymous_id_numbers`
--

DROP TABLE IF EXISTS `anonymous_id_numbers`;
/*!40101 SET @saved_cs_client     = @@character_set_client */;
/*!40101 SET character_set_client = utf8 */;
CREATE TABLE `anonymous_id_numbers` (
  `id` bigint(20) unsigned NOT NULL AUTO_INCREMENT,
  `uin` bigint(20) unsigned NOT NULL,
  `exam_type` varchar(18) COLLATE utf8mb4_unicode_ci NOT NULL COMMENT 'Denotes what type of exam an anonymous id number is meant for.',
  `created_at` timestamp NULL DEFAULT NULL,
  `updated_at` timestamp NULL DEFAULT NULL,
  PRIMARY KEY (`id`),
  KEY `anonymous_id_numbers_uin_foreign` (`uin`),
  CONSTRAINT `anonymous_id_numbers_uin_foreign` FOREIGN KEY (`uin`) REFERENCES `people` (`university_id_number`)
) ENGINE=InnoDB AUTO_INCREMENT=103 DEFAULT CHARSET=utf8mb4 COLLATE=utf8mb4_unicode_ci;
/*!40101 SET character_set_client = @saved_cs_client */;

--
-- Dumping data for table `anonymous_id_numbers`
--

LOCK TABLES `anonymous_id_numbers` WRITE;
/*!40000 ALTER TABLE `anonymous_id_numbers` DISABLE KEYS */;
INSERT INTO `anonymous_id_numbers` VALUES (1,8,'midterm','2019-11-20 01:47:16','2019-11-20 01:47:16'),(2,8,'final','2019-11-20 01:47:16','2019-11-20 01:47:16'),(3,9,'midterm','2019-11-20 01:47:16','2019-11-20 01:47:16'),(4,9,'final','2019-11-20 01:47:16','2019-11-20 01:47:16'),(5,10,'midterm','2019-11-20 01:47:16','2019-11-20 01:47:16'),(6,10,'final','2019-11-20 01:47:16','2019-11-20 01:47:16'),(7,11,'midterm','2019-11-20 01:47:16','2019-11-20 01:47:16'),(8,11,'final','2019-11-20 01:47:16','2019-11-20 01:47:16'),(9,12,'midterm','2019-11-20 01:47:17','2019-11-20 01:47:17'),(10,12,'final','2019-11-20 01:47:17','2019-11-20 01:47:17'),(11,13,'midterm','2019-11-20 01:47:17','2019-11-20 01:47:17'),(12,13,'final','2019-11-20 01:47:17','2019-11-20 01:47:17'),(13,14,'midterm','2019-11-20 01:47:17','2019-11-20 01:47:17'),(14,14,'final','2019-11-20 01:47:17','2019-11-20 01:47:17'),(15,15,'midterm','2019-11-20 01:47:17','2019-11-20 01:47:17'),(16,15,'final','2019-11-20 01:47:17','2019-11-20 01:47:17'),(17,16,'midterm','2019-11-20 01:47:17','2019-11-20 01:47:17'),(18,16,'final','2019-11-20 01:47:17','2019-11-20 01:47:17'),(19,17,'midterm','2019-11-20 01:47:17','2019-11-20 01:47:17'),(20,17,'final','2019-11-20 01:47:17','2019-11-20 01:47:17'),(21,18,'midterm','2019-11-20 01:47:18','2019-11-20 01:47:18'),(22,18,'final','2019-11-20 01:47:18','2019-11-20 01:47:18'),(23,19,'midterm','2019-11-20 01:47:18','2019-11-20 01:47:18'),(24,19,'final','2019-11-20 01:47:18','2019-11-20 01:47:18'),(25,20,'midterm','2019-11-20 01:47:18','2019-11-20 01:47:18'),(26,20,'final','2019-11-20 01:47:18','2019-11-20 01:47:18'),(27,21,'midterm','2019-11-20 01:47:18','2019-11-20 01:47:18'),(28,21,'final','2019-11-20 01:47:18','2019-11-20 01:47:18'),(29,22,'midterm','2019-11-20 01:47:18','2019-11-20 01:47:18'),(30,22,'final','2019-11-20 01:47:18','2019-11-20 01:47:18'),(31,23,'midterm','2019-11-20 01:47:19','2019-11-20 01:47:19'),(32,23,'final','2019-11-20 01:47:19','2019-11-20 01:47:19'),(33,24,'midterm','2019-11-20 01:47:19','2019-11-20 01:47:19'),(34,24,'final','2019-11-20 01:47:19','2019-11-20 01:47:19'),(35,25,'midterm','2019-11-20 01:47:19','2019-11-20 01:47:19'),(36,25,'final','2019-11-20 01:47:19','2019-11-20 01:47:19'),(37,26,'midterm','2019-11-20 01:47:19','2019-11-20 01:47:19'),(38,26,'final','2019-11-20 01:47:19','2019-11-20 01:47:19'),(39,27,'midterm','2019-11-20 01:47:19','2019-11-20 01:47:19'),(40,27,'final','2019-11-20 01:47:19','2019-11-20 01:47:19'),(41,28,'midterm','2019-11-20 01:47:19','2019-11-20 01:47:19'),(42,28,'final','2019-11-20 01:47:19','2019-11-20 01:47:19'),(43,29,'midterm','2019-11-20 01:47:20','2019-11-20 01:47:20'),(44,29,'final','2019-11-20 01:47:20','2019-11-20 01:47:20'),(45,30,'midterm','2019-11-20 01:47:20','2019-11-20 01:47:20'),(46,30,'final','2019-11-20 01:47:20','2019-11-20 01:47:20'),(47,31,'midterm','2019-11-20 01:47:20','2019-11-20 01:47:20'),(48,31,'final','2019-11-20 01:47:20','2019-11-20 01:47:20'),(49,32,'midterm','2019-11-20 01:47:20','2019-11-20 01:47:20'),(50,32,'final','2019-11-20 01:47:20','2019-11-20 01:47:20'),(51,33,'midterm','2019-11-20 01:47:20','2019-11-20 01:47:20'),(52,33,'final','2019-11-20 01:47:20','2019-11-20 01:47:20'),(53,34,'midterm','2019-11-20 01:47:20','2019-11-20 01:47:20'),(54,34,'final','2019-11-20 01:47:20','2019-11-20 01:47:20'),(55,35,'midterm','2019-11-20 01:47:20','2019-11-20 01:47:20'),(56,35,'final','2019-11-20 01:47:20','2019-11-20 01:47:20'),(57,36,'midterm','2019-11-20 01:47:21','2019-11-20 01:47:21'),(58,36,'final','2019-11-20 01:47:21','2019-11-20 01:47:21'),(59,37,'midterm','2019-11-20 01:47:21','2019-11-20 01:47:21'),(60,37,'final','2019-11-20 01:47:21','2019-11-20 01:47:21'),(61,38,'midterm','2019-11-20 01:47:21','2019-11-20 01:47:21'),(62,38,'final','2019-11-20 01:47:21','2019-11-20 01:47:21'),(63,39,'midterm','2019-11-20 01:47:21','2019-11-20 01:47:21'),(64,39,'final','2019-11-20 01:47:21','2019-11-20 01:47:21'),(65,40,'midterm','2019-11-20 01:47:21','2019-11-20 01:47:21'),(66,40,'final','2019-11-20 01:47:21','2019-11-20 01:47:21'),(67,41,'midterm','2019-11-20 01:47:21','2019-11-20 01:47:21'),(68,41,'final','2019-11-20 01:47:21','2019-11-20 01:47:21'),(69,42,'midterm','2019-11-20 01:47:22','2019-11-20 01:47:22'),(70,42,'final','2019-11-20 01:47:22','2019-11-20 01:47:22'),(71,43,'midterm','2019-11-20 01:47:22','2019-11-20 01:47:22'),(72,43,'final','2019-11-20 01:47:22','2019-11-20 01:47:22'),(73,44,'midterm','2019-11-20 01:47:22','2019-11-20 01:47:22'),(74,44,'final','2019-11-20 01:47:22','2019-11-20 01:47:22'),(75,45,'midterm','2019-11-20 01:47:22','2019-11-20 01:47:22'),(76,45,'final','2019-11-20 01:47:22','2019-11-20 01:47:22'),(77,46,'midterm','2019-11-20 01:47:22','2019-11-20 01:47:22'),(78,46,'final','2019-11-20 01:47:22','2019-11-20 01:47:22'),(79,47,'midterm','2019-11-20 01:47:22','2019-11-20 01:47:22'),(80,47,'final','2019-11-20 01:47:22','2019-11-20 01:47:22'),(81,48,'midterm','2019-11-20 01:47:22','2019-11-20 01:47:22'),(82,48,'final','2019-11-20 01:47:22','2019-11-20 01:47:22'),(83,49,'midterm','2019-11-20 01:47:23','2019-11-20 01:47:23'),(84,49,'final','2019-11-20 01:47:23','2019-11-20 01:47:23'),(85,50,'midterm','2019-11-20 01:47:23','2019-11-20 01:47:23'),(86,50,'final','2019-11-20 01:47:23','2019-11-20 01:47:23'),(87,51,'midterm','2019-11-20 01:47:23','2019-11-20 01:47:23'),(88,51,'final','2019-11-20 01:47:23','2019-11-20 01:47:23'),(89,52,'midterm','2019-11-20 01:47:23','2019-11-20 01:47:23'),(90,52,'final','2019-11-20 01:47:23','2019-11-20 01:47:23'),(91,53,'midterm','2019-11-20 01:47:23','2019-11-20 01:47:23'),(92,53,'final','2019-11-20 01:47:23','2019-11-20 01:47:23'),(93,54,'midterm','2019-11-20 01:47:23','2019-11-20 01:47:23'),(94,54,'final','2019-11-20 01:47:23','2019-11-20 01:47:23'),(95,55,'midterm','2019-11-20 01:47:23','2019-11-20 01:47:23'),(96,55,'final','2019-11-20 01:47:23','2019-11-20 01:47:23'),(97,56,'midterm','2019-11-20 01:47:24','2019-11-20 01:47:24'),(98,56,'final','2019-11-20 01:47:24','2019-11-20 01:47:24'),(99,57,'midterm','2019-11-20 01:47:24','2019-11-20 01:47:24'),(100,57,'final','2019-11-20 01:47:24','2019-11-20 01:47:24'),(101,58,'midterm','2019-11-20 18:04:11','2019-11-20 18:04:11'),(102,58,'final','2019-11-20 18:04:11','2019-11-20 18:04:11');
/*!40000 ALTER TABLE `anonymous_id_numbers` ENABLE KEYS */;
UNLOCK TABLES;

--
-- Table structure for table `course_registrations`
--

DROP TABLE IF EXISTS `course_registrations`;
/*!40101 SET @saved_cs_client     = @@character_set_client */;
/*!40101 SET character_set_client = utf8 */;
CREATE TABLE `course_registrations` (
  `id` bigint(20) unsigned NOT NULL AUTO_INCREMENT,
  `term` varchar(18) COLLATE utf8mb4_unicode_ci NOT NULL,
  `midterm_exam_grade` int(11) DEFAULT NULL,
  `final_exam_grade` int(11) DEFAULT NULL,
  `final_course_grade` varchar(4) COLLATE utf8mb4_unicode_ci DEFAULT NULL,
  `participation_grade` int(11) DEFAULT NULL,
  `attendance_grade` int(11) DEFAULT NULL,
  `registrant_university_id` bigint(20) unsigned NOT NULL,
  `course_section_id` bigint(20) unsigned NOT NULL,
  `created_at` timestamp NULL DEFAULT NULL,
  `updated_at` timestamp NULL DEFAULT NULL,
  PRIMARY KEY (`id`),
  KEY `course_registrations_registrant_university_id_foreign` (`registrant_university_id`),
  KEY `course_registrations_course_section_id_foreign` (`course_section_id`),
  CONSTRAINT `course_registrations_course_section_id_foreign` FOREIGN KEY (`course_section_id`) REFERENCES `course_sections` (`id`),
  CONSTRAINT `course_registrations_registrant_university_id_foreign` FOREIGN KEY (`registrant_university_id`) REFERENCES `people` (`university_id_number`)
) ENGINE=InnoDB AUTO_INCREMENT=167 DEFAULT CHARSET=utf8mb4 COLLATE=utf8mb4_unicode_ci;
/*!40101 SET character_set_client = @saved_cs_client */;

--
-- Dumping data for table `course_registrations`
--

LOCK TABLES `course_registrations` WRITE;
/*!40000 ALTER TABLE `course_registrations` DISABLE KEYS */;
INSERT INTO `course_registrations` VALUES (1,'Fall 2019',NULL,NULL,NULL,NULL,NULL,8,8,'2019-11-20 01:47:35','2019-11-20 01:47:35'),(2,'Fall 2019',NULL,NULL,NULL,NULL,NULL,8,3,'2019-11-20 01:47:35','2019-11-20 01:47:35'),(3,'Fall 2019',NULL,NULL,NULL,NULL,NULL,8,23,'2019-11-20 01:47:35','2019-11-20 01:47:35'),(4,'Fall 2019',NULL,NULL,NULL,NULL,NULL,8,4,'2019-11-20 01:47:35','2019-11-20 01:47:35'),(5,'Fall 2019',NULL,NULL,NULL,NULL,NULL,8,5,'2019-11-20 01:47:35','2019-11-20 01:47:35'),(6,'Fall 2019',NULL,NULL,NULL,NULL,NULL,9,11,'2019-11-20 01:47:35','2019-11-20 01:47:35'),(7,'Fall 2019',NULL,NULL,NULL,NULL,NULL,9,21,'2019-11-20 01:47:35','2019-11-20 01:47:35'),(8,'Fall 2019',NULL,NULL,NULL,NULL,NULL,9,28,'2019-11-20 01:47:35','2019-11-20 01:47:35'),(9,'Fall 2019',25,75,'F',NULL,NULL,9,2,'2019-11-20 01:47:35','2019-11-20 02:17:17'),(10,'Fall 2019',NULL,NULL,NULL,NULL,NULL,10,3,'2019-11-20 01:47:35','2019-11-20 01:47:35'),(11,'Fall 2019',NULL,NULL,NULL,NULL,NULL,10,15,'2019-11-20 01:47:35','2019-11-20 01:47:35'),(12,'Fall 2019',NULL,NULL,NULL,NULL,NULL,11,13,'2019-11-20 01:47:35','2019-11-20 01:47:35'),(13,'Fall 2019',NULL,NULL,NULL,NULL,NULL,11,3,'2019-11-20 01:47:35','2019-11-20 01:47:35'),(14,'Fall 2019',NULL,NULL,NULL,NULL,NULL,11,25,'2019-11-20 01:47:35','2019-11-20 01:47:35'),(15,'Fall 2019',NULL,NULL,NULL,NULL,NULL,11,12,'2019-11-20 01:47:35','2019-11-20 01:47:35'),(16,'Fall 2019',NULL,NULL,NULL,NULL,NULL,12,23,'2019-11-20 01:47:35','2019-11-20 01:47:35'),(17,'Fall 2019',NULL,NULL,NULL,NULL,NULL,12,4,'2019-11-20 01:47:35','2019-11-20 01:47:35'),(18,'Fall 2019',NULL,NULL,NULL,NULL,NULL,12,3,'2019-11-20 01:47:35','2019-11-20 01:47:35'),(19,'Fall 2019',NULL,NULL,NULL,NULL,NULL,12,28,'2019-11-20 01:47:35','2019-11-20 01:47:35'),(20,'Fall 2019',NULL,NULL,NULL,NULL,NULL,12,7,'2019-11-20 01:47:35','2019-11-20 01:47:35'),(21,'Fall 2019',NULL,NULL,NULL,NULL,NULL,13,26,'2019-11-20 01:47:35','2019-11-20 01:47:35'),(22,'Fall 2019',NULL,NULL,NULL,NULL,NULL,13,5,'2019-11-20 01:47:35','2019-11-20 01:47:35'),(23,'Fall 2019',NULL,NULL,NULL,NULL,NULL,13,25,'2019-11-20 01:47:35','2019-11-20 01:47:35'),(24,'Fall 2019',NULL,NULL,NULL,NULL,NULL,13,19,'2019-11-20 01:47:36','2019-11-20 01:47:36'),(25,'Fall 2019',NULL,NULL,NULL,NULL,NULL,14,4,'2019-11-20 01:47:36','2019-11-20 01:47:36'),(26,'Fall 2019',NULL,NULL,NULL,NULL,NULL,14,9,'2019-11-20 01:47:36','2019-11-20 01:47:36'),(27,'Fall 2019',NULL,NULL,NULL,NULL,NULL,14,22,'2019-11-20 01:47:36','2019-11-20 01:47:36'),(28,'Fall 2019',NULL,NULL,NULL,NULL,NULL,15,18,'2019-11-20 01:47:36','2019-11-20 01:47:36'),(29,'Fall 2019',NULL,NULL,NULL,NULL,NULL,15,10,'2019-11-20 01:47:36','2019-11-20 01:47:36'),(30,'Fall 2019',NULL,NULL,NULL,NULL,NULL,15,27,'2019-11-20 01:47:36','2019-11-20 01:47:36'),(31,'Fall 2019',NULL,NULL,NULL,NULL,NULL,15,12,'2019-11-20 01:47:36','2019-11-20 01:47:36'),(32,'Fall 2019',NULL,NULL,NULL,NULL,NULL,16,4,'2019-11-20 01:47:36','2019-11-20 01:47:36'),(33,'Fall 2019',NULL,NULL,NULL,NULL,NULL,16,17,'2019-11-20 01:47:36','2019-11-20 01:47:36'),(34,'Fall 2019',NULL,NULL,NULL,NULL,NULL,17,17,'2019-11-20 01:47:36','2019-11-20 01:47:36'),(35,'Fall 2019',NULL,NULL,NULL,NULL,NULL,17,3,'2019-11-20 01:47:36','2019-11-20 01:47:36'),(36,'Fall 2019',NULL,NULL,NULL,NULL,NULL,18,14,'2019-11-20 01:47:36','2019-11-20 01:47:36'),(37,'Fall 2019',NULL,NULL,NULL,NULL,NULL,18,22,'2019-11-20 01:47:36','2019-11-20 01:47:36'),(38,'Fall 2019',NULL,NULL,NULL,NULL,NULL,19,15,'2019-11-20 01:47:36','2019-11-20 01:47:36'),(39,'Fall 2019',NULL,NULL,NULL,NULL,NULL,19,28,'2019-11-20 01:47:36','2019-11-20 01:47:36'),(40,'Fall 2019',NULL,NULL,NULL,NULL,NULL,19,14,'2019-11-20 01:47:36','2019-11-20 01:47:36'),(41,'Fall 2019',NULL,NULL,NULL,NULL,NULL,20,26,'2019-11-20 01:47:36','2019-11-20 01:47:36'),(42,'Fall 2019',NULL,NULL,NULL,NULL,NULL,20,21,'2019-11-20 01:47:36','2019-11-20 01:47:36'),(43,'Fall 2019',NULL,NULL,NULL,NULL,NULL,20,6,'2019-11-20 01:47:36','2019-11-20 01:47:36'),(44,'Fall 2019',NULL,NULL,NULL,NULL,NULL,21,22,'2019-11-20 01:47:36','2019-11-20 01:47:36'),(45,'Fall 2019',NULL,NULL,NULL,NULL,NULL,21,12,'2019-11-20 01:47:36','2019-11-20 01:47:36'),(46,'Fall 2019',NULL,NULL,NULL,NULL,NULL,22,21,'2019-11-20 01:47:36','2019-11-20 01:47:36'),(47,'Fall 2019',NULL,NULL,NULL,NULL,NULL,22,24,'2019-11-20 01:47:36','2019-11-20 01:47:36'),(48,'Fall 2019',NULL,NULL,NULL,NULL,NULL,22,28,'2019-11-20 01:47:36','2019-11-20 01:47:36'),(49,'Fall 2019',NULL,NULL,NULL,NULL,NULL,22,19,'2019-11-20 01:47:36','2019-11-20 01:47:36'),(50,'Fall 2019',NULL,NULL,NULL,NULL,NULL,23,17,'2019-11-20 01:47:36','2019-11-20 01:47:36'),(51,'Fall 2019',NULL,NULL,NULL,NULL,NULL,23,26,'2019-11-20 01:47:36','2019-11-20 01:47:36'),(52,'Fall 2019',NULL,NULL,NULL,NULL,NULL,23,22,'2019-11-20 01:47:36','2019-11-20 01:47:36'),(53,'Fall 2019',NULL,NULL,NULL,NULL,NULL,23,28,'2019-11-20 01:47:36','2019-11-20 01:47:36'),(54,'Fall 2019',NULL,NULL,NULL,NULL,NULL,24,22,'2019-11-20 01:47:36','2019-11-20 01:47:36'),(55,'Fall 2019',NULL,NULL,NULL,NULL,NULL,24,14,'2019-11-20 01:47:36','2019-11-20 01:47:36'),(56,'Fall 2019',NULL,NULL,NULL,NULL,NULL,24,11,'2019-11-20 01:47:36','2019-11-20 01:47:36'),(57,'Fall 2019',NULL,NULL,NULL,NULL,NULL,24,17,'2019-11-20 01:47:36','2019-11-20 01:47:36'),(58,'Fall 2019',NULL,NULL,NULL,NULL,NULL,24,15,'2019-11-20 01:47:36','2019-11-20 01:47:36'),(59,'Fall 2019',NULL,NULL,NULL,NULL,NULL,25,28,'2019-11-20 01:47:37','2019-11-20 01:47:37'),(60,'Fall 2019',NULL,NULL,NULL,NULL,NULL,25,5,'2019-11-20 01:47:37','2019-11-20 01:47:37'),(61,'Fall 2019',NULL,NULL,NULL,NULL,NULL,25,2,'2019-11-20 01:47:37','2019-11-20 01:47:37'),(62,'Fall 2019',NULL,NULL,NULL,NULL,NULL,26,1,'2019-11-20 01:47:37','2019-11-20 01:47:37'),(63,'Fall 2019',NULL,NULL,NULL,NULL,NULL,26,14,'2019-11-20 01:47:37','2019-11-20 01:47:37'),(64,'Fall 2019',NULL,NULL,NULL,NULL,NULL,26,17,'2019-11-20 01:47:37','2019-11-20 01:47:37'),(65,'Fall 2019',NULL,NULL,NULL,NULL,NULL,27,21,'2019-11-20 01:47:37','2019-11-20 01:47:37'),(66,'Fall 2019',NULL,NULL,NULL,NULL,NULL,27,9,'2019-11-20 01:47:37','2019-11-20 01:47:37'),(67,'Fall 2019',NULL,NULL,NULL,NULL,NULL,27,11,'2019-11-20 01:47:37','2019-11-20 01:47:37'),(68,'Fall 2019',NULL,NULL,NULL,NULL,NULL,28,5,'2019-11-20 01:47:37','2019-11-20 01:47:37'),(69,'Fall 2019',NULL,NULL,NULL,NULL,NULL,28,18,'2019-11-20 01:47:37','2019-11-20 01:47:37'),(70,'Fall 2019',NULL,NULL,NULL,NULL,NULL,28,6,'2019-11-20 01:47:37','2019-11-20 01:47:37'),(71,'Fall 2019',NULL,NULL,NULL,NULL,NULL,28,26,'2019-11-20 01:47:37','2019-11-20 01:47:37'),(72,'Fall 2019',NULL,NULL,NULL,NULL,NULL,28,1,'2019-11-20 01:47:37','2019-11-20 01:47:37'),(73,'Fall 2019',NULL,NULL,NULL,NULL,NULL,29,21,'2019-11-20 01:47:37','2019-11-20 01:47:37'),(74,'Fall 2019',NULL,NULL,NULL,NULL,NULL,29,25,'2019-11-20 01:47:37','2019-11-20 01:47:37'),(75,'Fall 2019',NULL,NULL,NULL,NULL,NULL,29,11,'2019-11-20 01:47:37','2019-11-20 01:47:37'),(76,'Fall 2019',NULL,NULL,NULL,NULL,NULL,29,6,'2019-11-20 01:47:37','2019-11-20 01:47:37'),(77,'Fall 2019',NULL,NULL,NULL,NULL,NULL,29,20,'2019-11-20 01:47:37','2019-11-20 01:47:37'),(78,'Fall 2019',NULL,NULL,NULL,NULL,NULL,30,25,'2019-11-20 01:47:37','2019-11-20 01:47:37'),(79,'Fall 2019',NULL,NULL,NULL,NULL,NULL,30,22,'2019-11-20 01:47:37','2019-11-20 01:47:37'),(80,'Fall 2019',NULL,NULL,NULL,NULL,NULL,30,6,'2019-11-20 01:47:37','2019-11-20 01:47:37'),(81,'Fall 2019',NULL,NULL,NULL,NULL,NULL,30,3,'2019-11-20 01:47:37','2019-11-20 01:47:37'),(82,'Fall 2019',NULL,NULL,NULL,NULL,NULL,31,14,'2019-11-20 01:47:37','2019-11-20 01:47:37'),(83,'Fall 2019',NULL,NULL,NULL,NULL,NULL,31,3,'2019-11-20 01:47:37','2019-11-20 01:47:37'),(84,'Fall 2019',NULL,NULL,NULL,NULL,NULL,31,9,'2019-11-20 01:47:37','2019-11-20 01:47:37'),(85,'Fall 2019',NULL,NULL,NULL,NULL,NULL,32,19,'2019-11-20 01:47:37','2019-11-20 01:47:37'),(86,'Fall 2019',NULL,NULL,NULL,NULL,NULL,32,28,'2019-11-20 01:47:37','2019-11-20 01:47:37'),(87,'Fall 2019',NULL,NULL,NULL,NULL,NULL,32,15,'2019-11-20 01:47:37','2019-11-20 01:47:37'),(88,'Fall 2019',NULL,NULL,NULL,NULL,NULL,32,10,'2019-11-20 01:47:37','2019-11-20 01:47:37'),(89,'Fall 2019',NULL,NULL,NULL,NULL,NULL,32,18,'2019-11-20 01:47:37','2019-11-20 01:47:37'),(90,'Fall 2019',NULL,NULL,NULL,NULL,NULL,33,18,'2019-11-20 01:47:37','2019-11-20 01:47:37'),(91,'Fall 2019',NULL,NULL,NULL,NULL,NULL,33,6,'2019-11-20 01:47:37','2019-11-20 01:47:37'),(92,'Fall 2019',NULL,NULL,NULL,NULL,NULL,34,3,'2019-11-20 01:47:37','2019-11-20 01:47:37'),(93,'Fall 2019',NULL,NULL,NULL,NULL,NULL,34,13,'2019-11-20 01:47:37','2019-11-20 01:47:37'),(94,'Fall 2019',NULL,NULL,NULL,NULL,NULL,34,1,'2019-11-20 01:47:37','2019-11-20 01:47:37'),(95,'Fall 2019',NULL,NULL,NULL,NULL,NULL,35,13,'2019-11-20 01:47:37','2019-11-20 01:47:37'),(96,'Fall 2019',NULL,NULL,NULL,NULL,NULL,35,27,'2019-11-20 01:47:37','2019-11-20 01:47:37'),(97,'Fall 2019',NULL,NULL,NULL,NULL,NULL,35,25,'2019-11-20 01:47:38','2019-11-20 01:47:38'),(98,'Fall 2019',NULL,NULL,NULL,NULL,NULL,36,11,'2019-11-20 01:47:38','2019-11-20 01:47:38'),(99,'Fall 2019',NULL,NULL,NULL,NULL,NULL,36,22,'2019-11-20 01:47:38','2019-11-20 01:47:38'),(100,'Fall 2019',NULL,NULL,NULL,NULL,NULL,36,24,'2019-11-20 01:47:38','2019-11-20 01:47:38'),(101,'Fall 2019',NULL,NULL,NULL,NULL,NULL,37,25,'2019-11-20 01:47:38','2019-11-20 01:47:38'),(102,'Fall 2019',NULL,NULL,NULL,NULL,NULL,37,19,'2019-11-20 01:47:38','2019-11-20 01:47:38'),(103,'Fall 2019',NULL,NULL,NULL,NULL,NULL,38,7,'2019-11-20 01:47:38','2019-11-20 01:47:38'),(104,'Fall 2019',NULL,NULL,NULL,NULL,NULL,38,16,'2019-11-20 01:47:38','2019-11-20 01:47:38'),(105,'Fall 2019',NULL,NULL,NULL,NULL,NULL,39,16,'2019-11-20 01:47:38','2019-11-20 01:47:38'),(106,'Fall 2019',NULL,NULL,NULL,NULL,NULL,39,17,'2019-11-20 01:47:38','2019-11-20 01:47:38'),(107,'Fall 2019',NULL,NULL,NULL,NULL,NULL,40,22,'2019-11-20 01:47:38','2019-11-20 01:47:38'),(108,'Fall 2019',NULL,NULL,NULL,NULL,NULL,40,10,'2019-11-20 01:47:38','2019-11-20 01:47:38'),(109,'Fall 2019',NULL,NULL,NULL,NULL,NULL,40,13,'2019-11-20 01:47:38','2019-11-20 01:47:38'),(110,'Fall 2019',NULL,NULL,NULL,NULL,NULL,41,9,'2019-11-20 01:47:38','2019-11-20 01:47:38'),(111,'Fall 2019',NULL,NULL,NULL,NULL,NULL,41,23,'2019-11-20 01:47:38','2019-11-20 01:47:38'),(112,'Fall 2019',NULL,NULL,NULL,NULL,NULL,42,15,'2019-11-20 01:47:38','2019-11-20 01:47:38'),(113,'Fall 2019',NULL,NULL,NULL,NULL,NULL,42,12,'2019-11-20 01:47:38','2019-11-20 01:47:38'),(114,'Fall 2019',NULL,NULL,NULL,NULL,NULL,42,17,'2019-11-20 01:47:38','2019-11-20 01:47:38'),(115,'Fall 2019',NULL,NULL,NULL,NULL,NULL,42,26,'2019-11-20 01:47:38','2019-11-20 01:47:38'),(116,'Fall 2019',NULL,NULL,NULL,NULL,NULL,43,7,'2019-11-20 01:47:38','2019-11-20 01:47:38'),(117,'Fall 2019',NULL,NULL,NULL,NULL,NULL,43,21,'2019-11-20 01:47:38','2019-11-20 01:47:38'),(118,'Fall 2019',NULL,NULL,NULL,NULL,NULL,43,4,'2019-11-20 01:47:38','2019-11-20 01:47:38'),(119,'Fall 2019',NULL,NULL,NULL,NULL,NULL,43,13,'2019-11-20 01:47:38','2019-11-20 01:47:38'),(120,'Fall 2019',NULL,NULL,NULL,NULL,NULL,44,14,'2019-11-20 01:47:38','2019-11-20 01:47:38'),(121,'Fall 2019',NULL,NULL,NULL,NULL,NULL,44,9,'2019-11-20 01:47:38','2019-11-20 01:47:38'),(122,'Fall 2019',NULL,NULL,NULL,NULL,NULL,45,9,'2019-11-20 01:47:38','2019-11-20 01:47:38'),(123,'Fall 2019',NULL,NULL,NULL,NULL,NULL,45,23,'2019-11-20 01:47:38','2019-11-20 01:47:38'),(124,'Fall 2019',NULL,NULL,NULL,NULL,NULL,45,11,'2019-11-20 01:47:38','2019-11-20 01:47:38'),(125,'Fall 2019',NULL,NULL,NULL,NULL,NULL,45,28,'2019-11-20 01:47:38','2019-11-20 01:47:38'),(126,'Fall 2019',NULL,NULL,NULL,NULL,NULL,45,3,'2019-11-20 01:47:38','2019-11-20 01:47:38'),(127,'Fall 2019',NULL,NULL,NULL,NULL,NULL,46,19,'2019-11-20 01:47:38','2019-11-20 01:47:38'),(128,'Fall 2019',NULL,NULL,NULL,NULL,NULL,46,15,'2019-11-20 01:47:38','2019-11-20 01:47:38'),(129,'Fall 2019',NULL,NULL,NULL,NULL,NULL,46,5,'2019-11-20 01:47:38','2019-11-20 01:47:38'),(130,'Fall 2019',NULL,NULL,NULL,NULL,NULL,46,6,'2019-11-20 01:47:38','2019-11-20 01:47:38'),(131,'Fall 2019',NULL,NULL,NULL,NULL,NULL,46,17,'2019-11-20 01:47:38','2019-11-20 01:47:38'),(132,'Fall 2019',NULL,NULL,NULL,NULL,NULL,47,10,'2019-11-20 01:47:38','2019-11-20 01:47:38'),(133,'Fall 2019',NULL,NULL,NULL,NULL,NULL,47,12,'2019-11-20 01:47:38','2019-11-20 01:47:38'),(134,'Fall 2019',NULL,NULL,NULL,NULL,NULL,48,19,'2019-11-20 01:47:39','2019-11-20 01:47:39'),(135,'Fall 2019',NULL,NULL,NULL,NULL,NULL,48,5,'2019-11-20 01:47:39','2019-11-20 01:47:39'),(136,'Fall 2019',NULL,NULL,NULL,NULL,NULL,49,14,'2019-11-20 01:47:39','2019-11-20 01:47:39'),(137,'Fall 2019',NULL,NULL,NULL,NULL,NULL,49,20,'2019-11-20 01:47:39','2019-11-20 01:47:39'),(138,'Fall 2019',NULL,NULL,NULL,NULL,NULL,50,18,'2019-11-20 01:47:39','2019-11-20 01:47:39'),(139,'Fall 2019',NULL,NULL,NULL,NULL,NULL,50,26,'2019-11-20 01:47:39','2019-11-20 01:47:39'),(140,'Fall 2019',NULL,NULL,NULL,NULL,NULL,50,28,'2019-11-20 01:47:39','2019-11-20 01:47:39'),(141,'Fall 2019',NULL,NULL,NULL,NULL,NULL,51,3,'2019-11-20 01:47:39','2019-11-20 01:47:39'),(142,'Fall 2019',NULL,NULL,NULL,NULL,NULL,51,8,'2019-11-20 01:47:39','2019-11-20 01:47:39'),(143,'Fall 2019',NULL,NULL,NULL,NULL,NULL,51,23,'2019-11-20 01:47:39','2019-11-20 01:47:39'),(144,'Fall 2019',NULL,NULL,NULL,NULL,NULL,51,11,'2019-11-20 01:47:39','2019-11-20 01:47:39'),(145,'Fall 2019',NULL,NULL,NULL,NULL,NULL,52,2,'2019-11-20 01:47:39','2019-11-20 01:47:39'),(146,'Fall 2019',NULL,NULL,NULL,NULL,NULL,52,6,'2019-11-20 01:47:39','2019-11-20 01:47:39'),(147,'Fall 2019',NULL,NULL,NULL,NULL,NULL,52,25,'2019-11-20 01:47:39','2019-11-20 01:47:39'),(148,'Fall 2019',NULL,NULL,NULL,NULL,NULL,53,13,'2019-11-20 01:47:39','2019-11-20 01:47:39'),(149,'Fall 2019',NULL,NULL,NULL,NULL,NULL,53,6,'2019-11-20 01:47:39','2019-11-20 01:47:39'),(150,'Fall 2019',NULL,NULL,NULL,NULL,NULL,53,4,'2019-11-20 01:47:39','2019-11-20 01:47:39'),(151,'Fall 2019',NULL,NULL,NULL,NULL,NULL,53,19,'2019-11-20 01:47:39','2019-11-20 01:47:39'),(152,'Fall 2019',NULL,NULL,NULL,NULL,NULL,53,7,'2019-11-20 01:47:39','2019-11-20 01:47:39'),(153,'Fall 2019',NULL,NULL,NULL,NULL,NULL,54,21,'2019-11-20 01:47:39','2019-11-20 01:47:39'),(154,'Fall 2019',NULL,NULL,NULL,NULL,NULL,54,5,'2019-11-20 01:47:39','2019-11-20 01:47:39'),(155,'Fall 2019',NULL,NULL,NULL,NULL,NULL,54,25,'2019-11-20 01:47:39','2019-11-20 01:47:39'),(156,'Fall 2019',NULL,NULL,NULL,NULL,NULL,54,9,'2019-11-20 01:47:39','2019-11-20 01:47:39'),(157,'Fall 2019',NULL,NULL,NULL,NULL,NULL,54,20,'2019-11-20 01:47:39','2019-11-20 01:47:39'),(158,'Fall 2019',NULL,NULL,NULL,NULL,NULL,55,14,'2019-11-20 01:47:39','2019-11-20 01:47:39'),(159,'Fall 2019',NULL,NULL,NULL,NULL,NULL,55,10,'2019-11-20 01:47:39','2019-11-20 01:47:39'),(160,'Fall 2019',NULL,NULL,NULL,NULL,NULL,55,15,'2019-11-20 01:47:39','2019-11-20 01:47:39'),(161,'Fall 2019',NULL,NULL,NULL,NULL,NULL,55,2,'2019-11-20 01:47:39','2019-11-20 01:47:39'),(162,'Fall 2019',NULL,NULL,NULL,NULL,NULL,55,16,'2019-11-20 01:47:39','2019-11-20 01:47:39'),(163,'Fall 2019',NULL,NULL,NULL,NULL,NULL,56,21,'2019-11-20 01:47:39','2019-11-20 01:47:39'),(164,'Fall 2019',NULL,NULL,NULL,NULL,NULL,56,25,'2019-11-20 01:47:39','2019-11-20 01:47:39'),(165,'Fall 2019',NULL,NULL,NULL,NULL,NULL,57,27,'2019-11-20 01:47:39','2019-11-20 01:47:39'),(166,'Fall 2019',NULL,NULL,NULL,NULL,NULL,57,10,'2019-11-20 01:47:39','2019-11-20 01:47:39');
/*!40000 ALTER TABLE `course_registrations` ENABLE KEYS */;
UNLOCK TABLES;

--
-- Table structure for table `course_sections`
--

DROP TABLE IF EXISTS `course_sections`;
/*!40101 SET @saved_cs_client     = @@character_set_client */;
/*!40101 SET character_set_client = utf8 */;
CREATE TABLE `course_sections` (
  `id` bigint(20) unsigned NOT NULL AUTO_INCREMENT,
  `term` varchar(18) COLLATE utf8mb4_unicode_ci NOT NULL,
  `credit_hours` int(11) NOT NULL,
  `faculty` bigint(20) unsigned NOT NULL,
  `course_id` bigint(20) unsigned NOT NULL,
  `final_course_grade_complete` tinyint(1) DEFAULT 0,
  `lock_final_course_grade` tinyint(1) DEFAULT 0,
  `created_at` timestamp NULL DEFAULT NULL,
  `updated_at` timestamp NULL DEFAULT NULL,
  PRIMARY KEY (`id`),
  KEY `course_sections_faculty_foreign` (`faculty`),
  KEY `course_sections_course_id_foreign` (`course_id`),
  CONSTRAINT `course_sections_course_id_foreign` FOREIGN KEY (`course_id`) REFERENCES `courses` (`id`),
  CONSTRAINT `course_sections_faculty_foreign` FOREIGN KEY (`faculty`) REFERENCES `people` (`university_id_number`)
) ENGINE=InnoDB AUTO_INCREMENT=29 DEFAULT CHARSET=utf8mb4 COLLATE=utf8mb4_unicode_ci;
/*!40101 SET character_set_client = @saved_cs_client */;

--
-- Dumping data for table `course_sections`
--

LOCK TABLES `course_sections` WRITE;
/*!40000 ALTER TABLE `course_sections` DISABLE KEYS */;
INSERT INTO `course_sections` VALUES (1,'Fall 2019',4,6,1,0,0,'2019-11-20 01:44:50','2019-11-20 01:44:50'),(2,'Fall 2019',2,1,2,0,0,'2019-11-20 01:44:50','2019-11-20 02:17:18'),(3,'Fall 2019',3,4,3,0,0,'2019-11-20 01:44:50','2019-11-20 01:44:50'),(4,'Fall 2019',2,3,4,0,0,'2019-11-20 01:44:50','2019-11-20 01:44:50'),(5,'Fall 2019',2,2,5,0,0,'2019-11-20 01:44:50','2019-11-20 01:44:50'),(6,'Fall 2019',3,2,6,0,0,'2019-11-20 01:44:50','2019-11-20 01:44:50'),(7,'Fall 2019',4,1,7,0,0,'2019-11-20 01:44:50','2019-11-20 01:44:50'),(8,'Fall 2019',2,7,8,0,0,'2019-11-20 01:44:50','2019-11-20 01:44:50'),(9,'Fall 2019',3,4,9,0,0,'2019-11-20 01:44:50','2019-11-20 01:44:50'),(10,'Fall 2019',3,3,10,0,0,'2019-11-20 01:44:51','2019-11-20 01:44:51'),(11,'Fall 2019',3,2,11,0,0,'2019-11-20 01:44:51','2019-11-20 01:44:51'),(12,'Fall 2019',3,5,12,0,0,'2019-11-20 01:44:51','2019-11-20 01:44:51'),(13,'Fall 2019',2,1,13,0,0,'2019-11-20 01:44:51','2019-11-20 01:44:51'),(14,'Fall 2019',2,5,14,0,0,'2019-11-20 01:44:51','2019-11-20 01:44:51'),(15,'Fall 2019',3,4,15,0,0,'2019-11-20 01:44:51','2019-11-20 01:44:51'),(16,'Fall 2019',3,6,16,0,0,'2019-11-20 01:44:51','2019-11-20 01:44:51'),(17,'Fall 2019',3,3,17,0,0,'2019-11-20 01:44:51','2019-11-20 01:44:51'),(18,'Fall 2019',4,7,18,0,0,'2019-11-20 01:44:51','2019-11-20 01:44:51'),(19,'Fall 2019',3,3,19,0,0,'2019-11-20 01:44:51','2019-11-20 01:44:51'),(20,'Fall 2019',4,1,20,0,0,'2019-11-20 01:44:51','2019-11-20 01:44:51'),(21,'Fall 2019',4,6,21,0,0,'2019-11-20 01:44:51','2019-11-20 01:44:51'),(22,'Fall 2019',2,4,22,0,0,'2019-11-20 01:44:51','2019-11-20 01:44:51'),(23,'Fall 2019',4,1,23,0,0,'2019-11-20 01:44:51','2019-11-20 01:44:51'),(24,'Fall 2019',3,6,24,0,0,'2019-11-20 01:44:51','2019-11-20 01:44:51'),(25,'Fall 2019',2,1,25,0,0,'2019-11-20 01:44:51','2019-11-20 01:44:51'),(26,'Fall 2019',2,6,26,0,0,'2019-11-20 01:44:51','2019-11-20 01:44:51'),(27,'Fall 2019',3,2,27,0,0,'2019-11-20 01:44:52','2019-11-20 01:44:52'),(28,'Fall 2019',2,5,28,0,0,'2019-11-20 01:44:52','2019-11-20 01:44:52');
/*!40000 ALTER TABLE `course_sections` ENABLE KEYS */;
UNLOCK TABLES;

--
-- Table structure for table `courses`
--

DROP TABLE IF EXISTS `courses`;
/*!40101 SET @saved_cs_client     = @@character_set_client */;
/*!40101 SET character_set_client = utf8 */;
CREATE TABLE `courses` (
  `id` bigint(20) unsigned NOT NULL AUTO_INCREMENT,
  `subject_cd` varchar(4) COLLATE utf8mb4_unicode_ci NOT NULL COMMENT 'The abbreviated code pertaining to a subject',
  `number` int(11) NOT NULL,
  `title` varchar(255) COLLATE utf8mb4_unicode_ci NOT NULL,
  `created_at` timestamp NULL DEFAULT NULL,
  `updated_at` timestamp NULL DEFAULT NULL,
  PRIMARY KEY (`id`),
  UNIQUE KEY `courses_subject_cd_number_title_unique` (`subject_cd`,`number`,`title`)
) ENGINE=InnoDB AUTO_INCREMENT=29 DEFAULT CHARSET=utf8mb4 COLLATE=utf8mb4_unicode_ci;
/*!40101 SET character_set_client = @saved_cs_client */;

--
-- Dumping data for table `courses`
--

LOCK TABLES `courses` WRITE;
/*!40000 ALTER TABLE `courses` DISABLE KEYS */;
INSERT INTO `courses` VALUES (1,'CPSC',2005,'Introduction to Computer','2019-11-20 01:44:50','2019-11-20 01:44:50'),(2,'CPSC',2100,'Introduction to Computing','2019-11-20 01:44:50','2019-11-20 01:44:50'),(3,'CPSC',3142,'Intro to C++','2019-11-20 01:44:50','2019-11-20 01:44:50'),(4,'CPSC',3148,'Computer Programming: Java','2019-11-20 01:44:50','2019-11-20 01:44:50'),(5,'CPSC',3310,'Intro to Object-oriented Programming','2019-11-20 01:44:50','2019-11-20 01:44:50'),(6,'CPSC',4148,'Adv. Progr. Using Java','2019-11-20 01:44:50','2019-11-20 01:44:50'),(7,'CPSC',4190,'Intro to Software Engineering','2019-11-20 01:44:50','2019-11-20 01:44:50'),(8,'CPSC',4205,'Computer Organization','2019-11-20 01:44:50','2019-11-20 01:44:50'),(9,'CPSC',4335,'Operating Systems','2019-11-20 01:44:50','2019-11-20 01:44:50'),(10,'CPSC',4338,'Discrete Structures','2019-11-20 01:44:51','2019-11-20 01:44:51'),(11,'CPSC',4342,'Intro to Computer Networks','2019-11-20 01:44:51','2019-11-20 01:44:51'),(12,'CPSC',4345,'Database Systems','2019-11-20 01:44:51','2019-11-20 01:44:51'),(13,'CPSC',4355,'Data Structures and Algorithms','2019-11-20 01:44:51','2019-11-20 01:44:51'),(14,'CPSC',4435,'Secure Programming','2019-11-20 01:44:51','2019-11-20 01:44:51'),(15,'CPSC',4437,'Web App Development II','2019-11-20 01:44:51','2019-11-20 01:44:51'),(16,'CPSC',4530,'Mobile App Developments','2019-11-20 01:44:51','2019-11-20 01:44:51'),(17,'CPSC',4535,'Introduction to Unix Systems','2019-11-20 01:44:51','2019-11-20 01:44:51'),(18,'CPSC',4542,'Cont Issues Digital Forensics','2019-11-20 01:44:51','2019-11-20 01:44:51'),(19,'CPSC',4566,'3D Animation','2019-11-20 01:44:51','2019-11-20 01:44:51'),(20,'CPSC',4572,'Advanced Windows Administration','2019-11-20 01:44:51','2019-11-20 01:44:51'),(21,'CPSC',4576,'Database Design Admin SQL','2019-11-20 01:44:51','2019-11-20 01:44:51'),(22,'CPSC',4581,'Info Security Policy Mgmt','2019-11-20 01:44:51','2019-11-20 01:44:51'),(23,'CPSC',4583,'Lab in Info Security','2019-11-20 01:44:51','2019-11-20 01:44:51'),(24,'CPSC',4622,'Spec Topics in Digital Forensics','2019-11-20 01:44:51','2019-11-20 01:44:51'),(25,'CPSC',4631,'Game Design','2019-11-20 01:44:51','2019-11-20 01:44:51'),(26,'CPSC',4653,'Intro to Virtual Reality','2019-11-20 01:44:51','2019-11-20 01:44:51'),(27,'CPSC',4780,'Big Data Proc & Analytics','2019-11-20 01:44:51','2019-11-20 01:44:51'),(28,'CPSC',4900,'Senior Project and Seminar','2019-11-20 01:44:52','2019-11-20 01:44:52');
/*!40000 ALTER TABLE `courses` ENABLE KEYS */;
UNLOCK TABLES;

--
-- Table structure for table `exam_attempts`
--

DROP TABLE IF EXISTS `exam_attempts`;
/*!40101 SET @saved_cs_client     = @@character_set_client */;
/*!40101 SET character_set_client = utf8 */;
CREATE TABLE `exam_attempts` (
  `id` bigint(20) unsigned NOT NULL AUTO_INCREMENT,
  `exam_id` bigint(20) unsigned NOT NULL,
  `examinee_id` bigint(20) unsigned NOT NULL,
  `grade` int(11) NOT NULL,
  `complete` tinyint(1) NOT NULL,
  `created_at` timestamp NULL DEFAULT NULL,
  `updated_at` timestamp NULL DEFAULT NULL,
  PRIMARY KEY (`id`),
  KEY `exam_attempts_examinee_id_foreign` (`examinee_id`),
  KEY `exam_attempts_exam_id_foreign` (`exam_id`),
  CONSTRAINT `exam_attempts_exam_id_foreign` FOREIGN KEY (`exam_id`) REFERENCES `exams` (`id`),
  CONSTRAINT `exam_attempts_examinee_id_foreign` FOREIGN KEY (`examinee_id`) REFERENCES `people` (`university_id_number`)
) ENGINE=InnoDB AUTO_INCREMENT=3 DEFAULT CHARSET=utf8mb4 COLLATE=utf8mb4_unicode_ci;
/*!40101 SET character_set_client = @saved_cs_client */;

--
-- Dumping data for table `exam_attempts`
--

LOCK TABLES `exam_attempts` WRITE;
/*!40000 ALTER TABLE `exam_attempts` DISABLE KEYS */;
INSERT INTO `exam_attempts` VALUES (1,3,3,25,1,'2019-11-20 02:16:35','2019-11-20 02:16:35'),(2,4,4,75,1,'2019-11-20 02:16:57','2019-11-20 02:16:57');
/*!40000 ALTER TABLE `exam_attempts` ENABLE KEYS */;
UNLOCK TABLES;

--
-- Table structure for table `exams`
--

DROP TABLE IF EXISTS `exams`;
/*!40101 SET @saved_cs_client     = @@character_set_client */;
/*!40101 SET character_set_client = utf8 */;
CREATE TABLE `exams` (
  `id` bigint(20) unsigned NOT NULL AUTO_INCREMENT,
  `term` varchar(18) COLLATE utf8mb4_unicode_ci NOT NULL,
  `exam_type` varchar(18) COLLATE utf8mb4_unicode_ci NOT NULL COMMENT 'Denotes what type of exam the record is.',
  `course_section_id` bigint(20) unsigned NOT NULL,
  `created_at` timestamp NULL DEFAULT NULL,
  `updated_at` timestamp NULL DEFAULT NULL,
  PRIMARY KEY (`id`),
  KEY `exams_course_section_id_foreign` (`course_section_id`),
  CONSTRAINT `exams_course_section_id_foreign` FOREIGN KEY (`course_section_id`) REFERENCES `course_sections` (`id`)
) ENGINE=InnoDB AUTO_INCREMENT=57 DEFAULT CHARSET=utf8mb4 COLLATE=utf8mb4_unicode_ci;
/*!40101 SET character_set_client = @saved_cs_client */;

--
-- Dumping data for table `exams`
--

LOCK TABLES `exams` WRITE;
/*!40000 ALTER TABLE `exams` DISABLE KEYS */;
INSERT INTO `exams` VALUES (1,'Fall 2019','midterm',1,'2019-11-20 01:47:48','2019-11-20 01:47:48'),(2,'Fall 2019','final',1,'2019-11-20 01:47:48','2019-11-20 01:47:48'),(3,'Fall 2019','midterm',2,'2019-11-20 01:47:48','2019-11-20 01:47:48'),(4,'Fall 2019','final',2,'2019-11-20 01:47:48','2019-11-20 01:47:48'),(5,'Fall 2019','midterm',3,'2019-11-20 01:47:48','2019-11-20 01:47:48'),(6,'Fall 2019','final',3,'2019-11-20 01:47:48','2019-11-20 01:47:48'),(7,'Fall 2019','midterm',4,'2019-11-20 01:47:48','2019-11-20 01:47:48'),(8,'Fall 2019','final',4,'2019-11-20 01:47:48','2019-11-20 01:47:48'),(9,'Fall 2019','midterm',5,'2019-11-20 01:47:48','2019-11-20 01:47:48'),(10,'Fall 2019','final',5,'2019-11-20 01:47:48','2019-11-20 01:47:48'),(11,'Fall 2019','midterm',6,'2019-11-20 01:47:49','2019-11-20 01:47:49'),(12,'Fall 2019','final',6,'2019-11-20 01:47:49','2019-11-20 01:47:49'),(13,'Fall 2019','midterm',7,'2019-11-20 01:47:49','2019-11-20 01:47:49'),(14,'Fall 2019','final',7,'2019-11-20 01:47:49','2019-11-20 01:47:49'),(15,'Fall 2019','midterm',8,'2019-11-20 01:47:49','2019-11-20 01:47:49'),(16,'Fall 2019','final',8,'2019-11-20 01:47:49','2019-11-20 01:47:49'),(17,'Fall 2019','midterm',9,'2019-11-20 01:47:49','2019-11-20 01:47:49'),(18,'Fall 2019','final',9,'2019-11-20 01:47:49','2019-11-20 01:47:49'),(19,'Fall 2019','midterm',10,'2019-11-20 01:47:49','2019-11-20 01:47:49'),(20,'Fall 2019','final',10,'2019-11-20 01:47:49','2019-11-20 01:47:49'),(21,'Fall 2019','midterm',11,'2019-11-20 01:47:49','2019-11-20 01:47:49'),(22,'Fall 2019','final',11,'2019-11-20 01:47:49','2019-11-20 01:47:49'),(23,'Fall 2019','midterm',12,'2019-11-20 01:47:49','2019-11-20 01:47:49'),(24,'Fall 2019','final',12,'2019-11-20 01:47:49','2019-11-20 01:47:49'),(25,'Fall 2019','midterm',13,'2019-11-20 01:47:49','2019-11-20 01:47:49'),(26,'Fall 2019','final',13,'2019-11-20 01:47:49','2019-11-20 01:47:49'),(27,'Fall 2019','midterm',14,'2019-11-20 01:47:49','2019-11-20 01:47:49'),(28,'Fall 2019','final',14,'2019-11-20 01:47:49','2019-11-20 01:47:49'),(29,'Fall 2019','midterm',15,'2019-11-20 01:47:49','2019-11-20 01:47:49'),(30,'Fall 2019','final',15,'2019-11-20 01:47:49','2019-11-20 01:47:49'),(31,'Fall 2019','midterm',16,'2019-11-20 01:47:49','2019-11-20 01:47:49'),(32,'Fall 2019','final',16,'2019-11-20 01:47:49','2019-11-20 01:47:49'),(33,'Fall 2019','midterm',17,'2019-11-20 01:47:49','2019-11-20 01:47:49'),(34,'Fall 2019','final',17,'2019-11-20 01:47:49','2019-11-20 01:47:49'),(35,'Fall 2019','midterm',18,'2019-11-20 01:47:49','2019-11-20 01:47:49'),(36,'Fall 2019','final',18,'2019-11-20 01:47:49','2019-11-20 01:47:49'),(37,'Fall 2019','midterm',19,'2019-11-20 01:47:49','2019-11-20 01:47:49'),(38,'Fall 2019','final',19,'2019-11-20 01:47:49','2019-11-20 01:47:49'),(39,'Fall 2019','midterm',20,'2019-11-20 01:47:50','2019-11-20 01:47:50'),(40,'Fall 2019','final',20,'2019-11-20 01:47:50','2019-11-20 01:47:50'),(41,'Fall 2019','midterm',21,'2019-11-20 01:47:50','2019-11-20 01:47:50'),(42,'Fall 2019','final',21,'2019-11-20 01:47:50','2019-11-20 01:47:50'),(43,'Fall 2019','midterm',22,'2019-11-20 01:47:50','2019-11-20 01:47:50'),(44,'Fall 2019','final',22,'2019-11-20 01:47:50','2019-11-20 01:47:50'),(45,'Fall 2019','midterm',23,'2019-11-20 01:47:50','2019-11-20 01:47:50'),(46,'Fall 2019','final',23,'2019-11-20 01:47:50','2019-11-20 01:47:50'),(47,'Fall 2019','midterm',24,'2019-11-20 01:47:50','2019-11-20 01:47:50'),(48,'Fall 2019','final',24,'2019-11-20 01:47:50','2019-11-20 01:47:50'),(49,'Fall 2019','midterm',25,'2019-11-20 01:47:50','2019-11-20 01:47:50'),(50,'Fall 2019','final',25,'2019-11-20 01:47:50','2019-11-20 01:47:50'),(51,'Fall 2019','midterm',26,'2019-11-20 01:47:50','2019-11-20 01:47:50'),(52,'Fall 2019','final',26,'2019-11-20 01:47:50','2019-11-20 01:47:50'),(53,'Fall 2019','midterm',27,'2019-11-20 01:47:50','2019-11-20 01:47:50'),(54,'Fall 2019','final',27,'2019-11-20 01:47:50','2019-11-20 01:47:50'),(55,'Fall 2019','midterm',28,'2019-11-20 01:47:50','2019-11-20 01:47:50'),(56,'Fall 2019','final',28,'2019-11-20 01:47:50','2019-11-20 01:47:50');
/*!40000 ALTER TABLE `exams` ENABLE KEYS */;
UNLOCK TABLES;

--
-- Table structure for table `failed_jobs`
--

DROP TABLE IF EXISTS `failed_jobs`;
/*!40101 SET @saved_cs_client     = @@character_set_client */;
/*!40101 SET character_set_client = utf8 */;
CREATE TABLE `failed_jobs` (
  `id` bigint(20) unsigned NOT NULL AUTO_INCREMENT,
  `connection` text COLLATE utf8mb4_unicode_ci NOT NULL,
  `queue` text COLLATE utf8mb4_unicode_ci NOT NULL,
  `payload` longtext COLLATE utf8mb4_unicode_ci NOT NULL,
  `exception` longtext COLLATE utf8mb4_unicode_ci NOT NULL,
  `failed_at` timestamp NOT NULL DEFAULT current_timestamp(),
  PRIMARY KEY (`id`)
) ENGINE=InnoDB DEFAULT CHARSET=utf8mb4 COLLATE=utf8mb4_unicode_ci;
/*!40101 SET character_set_client = @saved_cs_client */;

--
-- Dumping data for table `failed_jobs`
--

LOCK TABLES `failed_jobs` WRITE;
/*!40000 ALTER TABLE `failed_jobs` DISABLE KEYS */;
/*!40000 ALTER TABLE `failed_jobs` ENABLE KEYS */;
UNLOCK TABLES;

--
-- Table structure for table `migrations`
--

DROP TABLE IF EXISTS `migrations`;
/*!40101 SET @saved_cs_client     = @@character_set_client */;
/*!40101 SET character_set_client = utf8 */;
CREATE TABLE `migrations` (
  `id` int(10) unsigned NOT NULL AUTO_INCREMENT,
  `migration` varchar(255) COLLATE utf8mb4_unicode_ci NOT NULL,
  `batch` int(11) NOT NULL,
  PRIMARY KEY (`id`)
) ENGINE=InnoDB AUTO_INCREMENT=19 DEFAULT CHARSET=utf8mb4 COLLATE=utf8mb4_unicode_ci;
/*!40101 SET character_set_client = @saved_cs_client */;

--
-- Dumping data for table `migrations`
--

LOCK TABLES `migrations` WRITE;
/*!40000 ALTER TABLE `migrations` DISABLE KEYS */;
INSERT INTO `migrations` VALUES (1,'2014_10_12_000000_create_users_table',1),(2,'2014_10_12_100000_create_password_resets_table',1),(3,'2019_08_19_000000_create_failed_jobs_table',1),(4,'2019_11_14_011612_create_people_table',1),(5,'2019_11_14_013532_create_anonymous_id_numbers_table',1),(6,'2019_11_14_014647_create_courses_table',1),(7,'2019_11_14_014820_create_course_sections_table',1),(8,'2019_11_14_015012_create_course_registrations_table',1),(9,'2019_11_14_015113_create_exams_table',1),(10,'2019_11_14_015154_create_questions_table',1),(11,'2019_11_14_015241_create_question_options_table',1),(12,'2019_11_14_015254_create_exam_attempts_table',1),(13,'2019_11_14_015319_create_question_attempt_answers_table',1),(14,'2019_11_16_180203_add_user_foreign_key_to_people',1),(15,'2019_11_17_030318_course_registration_make_fields_nullable',1),(16,'2019_11_17_185335_change_to_int_question_options',1),(17,'2019_11_19_040915_change_final_course_grade_course_registrations',1),(18,'2019_11_19_044117_add_final_course_grades_complete_and_lock_grade_course_section',1);
/*!40000 ALTER TABLE `migrations` ENABLE KEYS */;
UNLOCK TABLES;

--
-- Table structure for table `password_resets`
--

DROP TABLE IF EXISTS `password_resets`;
/*!40101 SET @saved_cs_client     = @@character_set_client */;
/*!40101 SET character_set_client = utf8 */;
CREATE TABLE `password_resets` (
  `email` varchar(255) COLLATE utf8mb4_unicode_ci NOT NULL,
  `token` varchar(255) COLLATE utf8mb4_unicode_ci NOT NULL,
  `created_at` timestamp NULL DEFAULT NULL,
  KEY `password_resets_email_index` (`email`)
) ENGINE=InnoDB DEFAULT CHARSET=utf8mb4 COLLATE=utf8mb4_unicode_ci;
/*!40101 SET character_set_client = @saved_cs_client */;

--
-- Dumping data for table `password_resets`
--

LOCK TABLES `password_resets` WRITE;
/*!40000 ALTER TABLE `password_resets` DISABLE KEYS */;
/*!40000 ALTER TABLE `password_resets` ENABLE KEYS */;
UNLOCK TABLES;

--
-- Table structure for table `people`
--

DROP TABLE IF EXISTS `people`;
/*!40101 SET @saved_cs_client     = @@character_set_client */;
/*!40101 SET character_set_client = utf8 */;
CREATE TABLE `people` (
  `university_id_number` bigint(20) unsigned NOT NULL AUTO_INCREMENT,
  `user_id` bigint(20) unsigned NOT NULL,
  `first_name` varchar(255) COLLATE utf8mb4_unicode_ci NOT NULL COMMENT 'A university member''s first name',
  `preferred_first_name` varchar(255) COLLATE utf8mb4_unicode_ci DEFAULT NULL COMMENT 'A university member''s first name',
  `last_name` varchar(255) COLLATE utf8mb4_unicode_ci NOT NULL COMMENT 'A university member''s last name',
  `user_type` varchar(255) COLLATE utf8mb4_unicode_ci NOT NULL COMMENT 'Denotes whether student, staff, faculty, etc.',
  `created_at` timestamp NULL DEFAULT NULL,
  `updated_at` timestamp NULL DEFAULT NULL,
  PRIMARY KEY (`university_id_number`),
  KEY `people_user_id_foreign` (`user_id`),
  CONSTRAINT `people_user_id_foreign` FOREIGN KEY (`user_id`) REFERENCES `users` (`id`)
) ENGINE=InnoDB AUTO_INCREMENT=60 DEFAULT CHARSET=utf8mb4 COLLATE=utf8mb4_unicode_ci;
/*!40101 SET character_set_client = @saved_cs_client */;

--
-- Dumping data for table `people`
--

LOCK TABLES `people` WRITE;
/*!40000 ALTER TABLE `people` DISABLE KEYS */;
INSERT INTO `people` VALUES (1,1,'Soon-Ok ','Soon-Ok ','Park','faculty','2019-11-20 01:44:49','2019-11-20 01:44:49'),(2,2,'Freddy','Freddy','Kato','faculty','2019-11-20 01:44:49','2019-11-20 01:44:49'),(3,3,'Sam','Sam','Shahid','faculty','2019-11-20 01:44:50','2019-11-20 01:44:50'),(4,4,'Jeff','Jeff','Daoud','faculty','2019-11-20 01:44:50','2019-11-20 01:44:50'),(5,5,'Nelson','Nelson','Chen','faculty','2019-11-20 01:44:50','2019-11-20 01:44:50'),(6,6,'Xin','Xin','Chen','faculty','2019-11-20 01:44:50','2019-11-20 01:44:50'),(7,7,'Nana','Nana','Amponsah','faculty','2019-11-20 01:44:50','2019-11-20 01:44:50'),(8,8,'Larry','Larry','Wagle','student','2019-11-20 01:47:16','2019-11-20 01:47:16'),(9,9,'Ty','Ty','Sweeney','student','2019-11-20 01:47:16','2019-11-20 01:47:16'),(10,10,'Alex','Alex','McCormack','student','2019-11-20 01:47:16','2019-11-20 01:47:16'),(11,11,'Larry','Larry','Fletcher','student','2019-11-20 01:47:16','2019-11-20 01:47:16'),(12,12,'Joe','Joe','Ingram','student','2019-11-20 01:47:17','2019-11-20 01:47:17'),(13,13,'Frank','Frank','Severson','student','2019-11-20 01:47:17','2019-11-20 01:47:17'),(14,14,'Edward','Edward','Davidson','student','2019-11-20 01:47:17','2019-11-20 01:47:17'),(15,15,'Mark','Mark','Nugent','student','2019-11-20 01:47:17','2019-11-20 01:47:17'),(16,16,'Aaron','Aaron','Fietzer','student','2019-11-20 01:47:17','2019-11-20 01:47:17'),(17,17,'Otto','Otto','Bowers','student','2019-11-20 01:47:17','2019-11-20 01:47:17'),(18,18,'Edward','Edward','Nelson','student','2019-11-20 01:47:18','2019-11-20 01:47:18'),(19,19,'Nathan','Nathan','Hylan','student','2019-11-20 01:47:18','2019-11-20 01:47:18'),(20,20,'Hank','Hank','Vail','student','2019-11-20 01:47:18','2019-11-20 01:47:18'),(21,21,'Jack','Jack','Paiser','student','2019-11-20 01:47:18','2019-11-20 01:47:18'),(22,22,'Mark','Mark','Ventotla','student','2019-11-20 01:47:18','2019-11-20 01:47:18'),(23,23,'Roger','Roger','Caswell','student','2019-11-20 01:47:19','2019-11-20 01:47:19'),(24,24,'Fred','Fred','Schutz','student','2019-11-20 01:47:19','2019-11-20 01:47:19'),(25,25,'Tim','Tim','Cannon','student','2019-11-20 01:47:19','2019-11-20 01:47:19'),(26,26,'Adam','Adam','Schiebel','student','2019-11-20 01:47:19','2019-11-20 01:47:19'),(27,27,'Dan','Dan','Fietzer','student','2019-11-20 01:47:19','2019-11-20 01:47:19'),(28,28,'Walter','Walter','Jones','student','2019-11-20 01:47:19','2019-11-20 01:47:19'),(29,29,'Edward','Edward','Ramachandran','student','2019-11-20 01:47:20','2019-11-20 01:47:20'),(30,30,'Carl','Carl','Jurgenson','student','2019-11-20 01:47:20','2019-11-20 01:47:20'),(31,31,'Peter','Peter','Nugent','student','2019-11-20 01:47:20','2019-11-20 01:47:20'),(32,32,'Carl','Carl','Mccord','student','2019-11-20 01:47:20','2019-11-20 01:47:20'),(33,33,'Mark','Mark','Dinkins','student','2019-11-20 01:47:20','2019-11-20 01:47:20'),(34,34,'Monte','Monte','Severson','student','2019-11-20 01:47:20','2019-11-20 01:47:20'),(35,35,'Steve','Steve','Turco','student','2019-11-20 01:47:20','2019-11-20 01:47:20'),(36,36,'Ty','Ty','Rogers','student','2019-11-20 01:47:21','2019-11-20 01:47:21'),(37,37,'John','John','Yates','student','2019-11-20 01:47:21','2019-11-20 01:47:21'),(38,38,'John','John','Tapia','student','2019-11-20 01:47:21','2019-11-20 01:47:21'),(39,39,'Peter','Peter','Zeller','student','2019-11-20 01:47:21','2019-11-20 01:47:21'),(40,40,'Steve','Steve','Moody','student','2019-11-20 01:47:21','2019-11-20 01:47:21'),(41,41,'Matthew','Matthew','Martin','student','2019-11-20 01:47:21','2019-11-20 01:47:21'),(42,42,'Joe','Joe','Aikin','student','2019-11-20 01:47:22','2019-11-20 01:47:22'),(43,43,'Edward','Edward','Miller','student','2019-11-20 01:47:22','2019-11-20 01:47:22'),(44,44,'Dan','Dan','Leisinger','student','2019-11-20 01:47:22','2019-11-20 01:47:22'),(45,45,'Matthew','Matthew','Trussel','student','2019-11-20 01:47:22','2019-11-20 01:47:22'),(46,46,'Hank','Hank','Hylan','student','2019-11-20 01:47:22','2019-11-20 01:47:22'),(47,47,'David','David','Baxster','student','2019-11-20 01:47:22','2019-11-20 01:47:22'),(48,48,'Peter','Peter','Mccord','student','2019-11-20 01:47:22','2019-11-20 01:47:22'),(49,49,'Ty','Ty','Ferro','student','2019-11-20 01:47:23','2019-11-20 01:47:23'),(50,50,'Victor','Victor','Doran','student','2019-11-20 01:47:23','2019-11-20 01:47:23'),(51,51,'Adam','Adam','Trusela','student','2019-11-20 01:47:23','2019-11-20 01:47:23'),(52,52,'Roger','Roger','Miller','student','2019-11-20 01:47:23','2019-11-20 01:47:23'),(53,53,'Monte','Monte','Shaffer','student','2019-11-20 01:47:23','2019-11-20 01:47:23'),(54,54,'Thomas','Thomas','Chambers','student','2019-11-20 01:47:23','2019-11-20 01:47:23'),(55,55,'Walter','Walter','Ingram','student','2019-11-20 01:47:23','2019-11-20 01:47:23'),(56,56,'Otto','Otto','Lewis','student','2019-11-20 01:47:24','2019-11-20 01:47:24'),(57,57,'Paul','Paul','Kalleg','student','2019-11-20 01:47:24','2019-11-20 01:47:24'),(58,58,'Daniel','Dan','Paz','student','2019-11-20 18:04:11','2019-11-20 18:04:11'),(59,59,'Gytis','Gytis','Grabauskas','student','2019-11-20 18:20:24','2019-11-20 18:20:24');
/*!40000 ALTER TABLE `people` ENABLE KEYS */;
UNLOCK TABLES;

--
-- Table structure for table `question_attempt_answers`
--

DROP TABLE IF EXISTS `question_attempt_answers`;
/*!40101 SET @saved_cs_client     = @@character_set_client */;
/*!40101 SET character_set_client = utf8 */;
CREATE TABLE `question_attempt_answers` (
  `question_option_id` bigint(20) unsigned NOT NULL,
  `exam_attempt_id` bigint(20) unsigned NOT NULL,
  `created_at` timestamp NULL DEFAULT NULL,
  `updated_at` timestamp NULL DEFAULT NULL,
  KEY `question_attempt_answers_question_option_id_foreign` (`question_option_id`),
  KEY `question_attempt_answers_exam_attempt_id_foreign` (`exam_attempt_id`),
  CONSTRAINT `question_attempt_answers_exam_attempt_id_foreign` FOREIGN KEY (`exam_attempt_id`) REFERENCES `exam_attempts` (`id`),
  CONSTRAINT `question_attempt_answers_question_option_id_foreign` FOREIGN KEY (`question_option_id`) REFERENCES `question_options` (`id`)
) ENGINE=InnoDB DEFAULT CHARSET=utf8mb4 COLLATE=utf8mb4_unicode_ci;
/*!40101 SET character_set_client = @saved_cs_client */;

--
-- Dumping data for table `question_attempt_answers`
--

LOCK TABLES `question_attempt_answers` WRITE;
/*!40000 ALTER TABLE `question_attempt_answers` DISABLE KEYS */;
INSERT INTO `question_attempt_answers` VALUES (27,1,'2019-11-20 02:16:35','2019-11-20 02:16:35'),(29,1,'2019-11-20 02:16:35','2019-11-20 02:16:35'),(32,1,'2019-11-20 02:16:35','2019-11-20 02:16:35'),(34,1,'2019-11-20 02:16:35','2019-11-20 02:16:35'),(37,2,'2019-11-20 02:16:57','2019-11-20 02:16:57'),(41,2,'2019-11-20 02:16:57','2019-11-20 02:16:57'),(45,2,'2019-11-20 02:16:57','2019-11-20 02:16:57'),(47,2,'2019-11-20 02:16:57','2019-11-20 02:16:57');
/*!40000 ALTER TABLE `question_attempt_answers` ENABLE KEYS */;
UNLOCK TABLES;

--
-- Table structure for table `question_options`
--

DROP TABLE IF EXISTS `question_options`;
/*!40101 SET @saved_cs_client     = @@character_set_client */;
/*!40101 SET character_set_client = utf8 */;
CREATE TABLE `question_options` (
  `id` bigint(20) unsigned NOT NULL AUTO_INCREMENT,
  `question_copy` longtext COLLATE utf8mb4_unicode_ci NOT NULL,
  `correct_answer` int(11) NOT NULL,
  `question_id` bigint(20) unsigned NOT NULL,
  `created_at` timestamp NULL DEFAULT NULL,
  `updated_at` timestamp NULL DEFAULT NULL,
  PRIMARY KEY (`id`),
  KEY `question_options_question_id_foreign` (`question_id`),
  CONSTRAINT `question_options_question_id_foreign` FOREIGN KEY (`question_id`) REFERENCES `questions` (`id`)
) ENGINE=InnoDB AUTO_INCREMENT=713 DEFAULT CHARSET=utf8mb4 COLLATE=utf8mb4_unicode_ci;
/*!40101 SET character_set_client = @saved_cs_client */;

--
-- Dumping data for table `question_options`
--

LOCK TABLES `question_options` WRITE;
/*!40000 ALTER TABLE `question_options` DISABLE KEYS */;
INSERT INTO `question_options` VALUES (1,'3.14',0,1,'2019-11-20 01:48:05','2019-11-20 01:48:05'),(2,'1',0,1,'2019-11-20 01:48:05','2019-11-20 01:48:05'),(3,'4',1,1,'2019-11-20 01:48:05','2019-11-20 01:48:05'),(4,'2',0,1,'2019-11-20 01:48:05','2019-11-20 01:48:05'),(5,'True',0,2,'2019-11-20 01:48:05','2019-11-20 01:48:05'),(6,'False',1,2,'2019-11-20 01:48:05','2019-11-20 01:48:05'),(7,'No',0,3,'2019-11-20 01:48:05','2019-11-20 01:48:05'),(8,'Yes',1,3,'2019-11-20 01:48:05','2019-11-20 01:48:05'),(9,'Forest',0,4,'2019-11-20 01:48:05','2019-11-20 01:48:05'),(10,'Oak',0,4,'2019-11-20 01:48:05','2019-11-20 01:48:05'),(11,'University',1,4,'2019-11-20 01:48:05','2019-11-20 01:48:05'),(12,'Highland',0,4,'2019-11-20 01:48:05','2019-11-20 01:48:05'),(13,'Computer Programming and Statistics',0,5,'2019-11-20 01:48:05','2019-11-20 01:48:05'),(14,'Charitable People Solving Crime',0,5,'2019-11-20 01:48:05','2019-11-20 01:48:05'),(15,'Computer Science',1,5,'2019-11-20 01:48:05','2019-11-20 01:48:05'),(16,'Computer Programming',0,5,'2019-11-20 01:48:05','2019-11-20 01:48:05'),(17,'True',1,6,'2019-11-20 01:48:06','2019-11-20 01:48:06'),(18,'False',0,6,'2019-11-20 01:48:06','2019-11-20 01:48:06'),(19,'No',0,7,'2019-11-20 01:48:06','2019-11-20 01:48:06'),(20,'Yes',1,7,'2019-11-20 01:48:06','2019-11-20 01:48:06'),(21,'Forest',0,8,'2019-11-20 01:48:06','2019-11-20 01:48:06'),(22,'Oak',0,8,'2019-11-20 01:48:06','2019-11-20 01:48:06'),(23,'University',1,8,'2019-11-20 01:48:06','2019-11-20 01:48:06'),(24,'Highland',0,8,'2019-11-20 01:48:06','2019-11-20 01:48:06'),(25,'Forest',0,9,'2019-11-20 01:48:06','2019-11-20 01:48:06'),(26,'Oak',0,9,'2019-11-20 01:48:06','2019-11-20 01:48:06'),(27,'University',1,9,'2019-11-20 01:48:06','2019-11-20 01:48:06'),(28,'Highland',0,9,'2019-11-20 01:48:06','2019-11-20 01:48:06'),(29,'No',0,10,'2019-11-20 01:48:06','2019-11-20 01:48:06'),(30,'Yes',1,10,'2019-11-20 01:48:06','2019-11-20 01:48:06'),(31,'True',1,11,'2019-11-20 01:48:06','2019-11-20 01:48:06'),(32,'False',0,11,'2019-11-20 01:48:06','2019-11-20 01:48:06'),(33,'3.14',0,12,'2019-11-20 01:48:06','2019-11-20 01:48:06'),(34,'1',0,12,'2019-11-20 01:48:06','2019-11-20 01:48:06'),(35,'4',1,12,'2019-11-20 01:48:06','2019-11-20 01:48:06'),(36,'2',0,12,'2019-11-20 01:48:06','2019-11-20 01:48:06'),(37,'True',1,13,'2019-11-20 01:48:06','2019-11-20 01:48:06'),(38,'False',0,13,'2019-11-20 01:48:06','2019-11-20 01:48:06'),(39,'Computer Programming and Statistics',0,14,'2019-11-20 01:48:06','2019-11-20 01:48:06'),(40,'Charitable People Solving Crime',0,14,'2019-11-20 01:48:06','2019-11-20 01:48:06'),(41,'Computer Science',1,14,'2019-11-20 01:48:06','2019-11-20 01:48:06'),(42,'Computer Programming',0,14,'2019-11-20 01:48:06','2019-11-20 01:48:06'),(43,'purple',0,15,'2019-11-20 01:48:06','2019-11-20 01:48:06'),(44,'green',0,15,'2019-11-20 01:48:06','2019-11-20 01:48:06'),(45,'yellow',1,15,'2019-11-20 01:48:06','2019-11-20 01:48:06'),(46,'white',0,15,'2019-11-20 01:48:07','2019-11-20 01:48:07'),(47,'True',0,16,'2019-11-20 01:48:07','2019-11-20 01:48:07'),(48,'False',1,16,'2019-11-20 01:48:07','2019-11-20 01:48:07'),(49,'True',1,17,'2019-11-20 01:48:07','2019-11-20 01:48:07'),(50,'False',0,17,'2019-11-20 01:48:07','2019-11-20 01:48:07'),(51,'3.14',0,18,'2019-11-20 01:48:07','2019-11-20 01:48:07'),(52,'1',0,18,'2019-11-20 01:48:07','2019-11-20 01:48:07'),(53,'4',1,18,'2019-11-20 01:48:07','2019-11-20 01:48:07'),(54,'2',0,18,'2019-11-20 01:48:07','2019-11-20 01:48:07'),(55,'Forest',0,19,'2019-11-20 01:48:07','2019-11-20 01:48:07'),(56,'Oak',0,19,'2019-11-20 01:48:07','2019-11-20 01:48:07'),(57,'University',1,19,'2019-11-20 01:48:07','2019-11-20 01:48:07'),(58,'Highland',0,19,'2019-11-20 01:48:07','2019-11-20 01:48:07'),(59,'No',0,20,'2019-11-20 01:48:07','2019-11-20 01:48:07'),(60,'Yes',1,20,'2019-11-20 01:48:07','2019-11-20 01:48:07'),(61,'purple',0,21,'2019-11-20 01:48:07','2019-11-20 01:48:07'),(62,'green',0,21,'2019-11-20 01:48:07','2019-11-20 01:48:07'),(63,'yellow',1,21,'2019-11-20 01:48:07','2019-11-20 01:48:07'),(64,'white',0,21,'2019-11-20 01:48:07','2019-11-20 01:48:07'),(65,'Computer Programming and Statistics',0,22,'2019-11-20 01:48:07','2019-11-20 01:48:07'),(66,'Charitable People Solving Crime',0,22,'2019-11-20 01:48:07','2019-11-20 01:48:07'),(67,'Computer Science',1,22,'2019-11-20 01:48:07','2019-11-20 01:48:07'),(68,'Computer Programming',0,22,'2019-11-20 01:48:07','2019-11-20 01:48:07'),(69,'True',1,23,'2019-11-20 01:48:07','2019-11-20 01:48:07'),(70,'False',0,23,'2019-11-20 01:48:07','2019-11-20 01:48:07'),(71,'13',0,24,'2019-11-20 01:48:07','2019-11-20 01:48:07'),(72,'48',0,24,'2019-11-20 01:48:07','2019-11-20 01:48:07'),(73,'50',1,24,'2019-11-20 01:48:07','2019-11-20 01:48:07'),(74,'29',0,24,'2019-11-20 01:48:07','2019-11-20 01:48:07'),(75,'Forest',0,25,'2019-11-20 01:48:08','2019-11-20 01:48:08'),(76,'Oak',0,25,'2019-11-20 01:48:08','2019-11-20 01:48:08'),(77,'University',1,25,'2019-11-20 01:48:08','2019-11-20 01:48:08'),(78,'Highland',0,25,'2019-11-20 01:48:08','2019-11-20 01:48:08'),(79,'True',0,26,'2019-11-20 01:48:08','2019-11-20 01:48:08'),(80,'False',1,26,'2019-11-20 01:48:08','2019-11-20 01:48:08'),(81,'No',0,27,'2019-11-20 01:48:08','2019-11-20 01:48:08'),(82,'Yes',1,27,'2019-11-20 01:48:08','2019-11-20 01:48:08'),(83,'Computer Programming and Statistics',0,28,'2019-11-20 01:48:08','2019-11-20 01:48:08'),(84,'Charitable People Solving Crime',0,28,'2019-11-20 01:48:08','2019-11-20 01:48:08'),(85,'Computer Science',1,28,'2019-11-20 01:48:08','2019-11-20 01:48:08'),(86,'Computer Programming',0,28,'2019-11-20 01:48:08','2019-11-20 01:48:08'),(87,'purple',0,29,'2019-11-20 01:48:08','2019-11-20 01:48:08'),(88,'green',0,29,'2019-11-20 01:48:08','2019-11-20 01:48:08'),(89,'yellow',1,29,'2019-11-20 01:48:08','2019-11-20 01:48:08'),(90,'white',0,29,'2019-11-20 01:48:08','2019-11-20 01:48:08'),(91,'True',0,30,'2019-11-20 01:48:08','2019-11-20 01:48:08'),(92,'False',1,30,'2019-11-20 01:48:08','2019-11-20 01:48:08'),(93,'Forest',0,31,'2019-11-20 01:48:08','2019-11-20 01:48:08'),(94,'Oak',0,31,'2019-11-20 01:48:08','2019-11-20 01:48:08'),(95,'University',1,31,'2019-11-20 01:48:08','2019-11-20 01:48:08'),(96,'Highland',0,31,'2019-11-20 01:48:08','2019-11-20 01:48:08'),(97,'True',1,32,'2019-11-20 01:48:08','2019-11-20 01:48:08'),(98,'False',0,32,'2019-11-20 01:48:08','2019-11-20 01:48:08'),(99,'3.14',0,33,'2019-11-20 01:48:08','2019-11-20 01:48:08'),(100,'1',0,33,'2019-11-20 01:48:08','2019-11-20 01:48:08'),(101,'4',1,33,'2019-11-20 01:48:08','2019-11-20 01:48:08'),(102,'2',0,33,'2019-11-20 01:48:08','2019-11-20 01:48:08'),(103,'13',0,34,'2019-11-20 01:48:08','2019-11-20 01:48:08'),(104,'48',0,34,'2019-11-20 01:48:08','2019-11-20 01:48:08'),(105,'50',1,34,'2019-11-20 01:48:08','2019-11-20 01:48:08'),(106,'29',0,34,'2019-11-20 01:48:08','2019-11-20 01:48:08'),(107,'True',1,35,'2019-11-20 01:48:08','2019-11-20 01:48:08'),(108,'False',0,35,'2019-11-20 01:48:09','2019-11-20 01:48:09'),(109,'True',0,36,'2019-11-20 01:48:09','2019-11-20 01:48:09'),(110,'False',1,36,'2019-11-20 01:48:09','2019-11-20 01:48:09'),(111,'No',0,37,'2019-11-20 01:48:09','2019-11-20 01:48:09'),(112,'Yes',1,37,'2019-11-20 01:48:09','2019-11-20 01:48:09'),(113,'True',1,38,'2019-11-20 01:48:09','2019-11-20 01:48:09'),(114,'False',0,38,'2019-11-20 01:48:09','2019-11-20 01:48:09'),(115,'13',0,39,'2019-11-20 01:48:09','2019-11-20 01:48:09'),(116,'48',0,39,'2019-11-20 01:48:09','2019-11-20 01:48:09'),(117,'50',1,39,'2019-11-20 01:48:09','2019-11-20 01:48:09'),(118,'29',0,39,'2019-11-20 01:48:09','2019-11-20 01:48:09'),(119,'Computer Programming and Statistics',0,40,'2019-11-20 01:48:09','2019-11-20 01:48:09'),(120,'Charitable People Solving Crime',0,40,'2019-11-20 01:48:09','2019-11-20 01:48:09'),(121,'Computer Science',1,40,'2019-11-20 01:48:09','2019-11-20 01:48:09'),(122,'Computer Programming',0,40,'2019-11-20 01:48:09','2019-11-20 01:48:09'),(123,'Forest',0,41,'2019-11-20 01:48:09','2019-11-20 01:48:09'),(124,'Oak',0,41,'2019-11-20 01:48:09','2019-11-20 01:48:09'),(125,'University',1,41,'2019-11-20 01:48:09','2019-11-20 01:48:09'),(126,'Highland',0,41,'2019-11-20 01:48:09','2019-11-20 01:48:09'),(127,'No',0,42,'2019-11-20 01:48:09','2019-11-20 01:48:09'),(128,'Yes',1,42,'2019-11-20 01:48:09','2019-11-20 01:48:09'),(129,'purple',0,43,'2019-11-20 01:48:09','2019-11-20 01:48:09'),(130,'green',0,43,'2019-11-20 01:48:09','2019-11-20 01:48:09'),(131,'yellow',1,43,'2019-11-20 01:48:09','2019-11-20 01:48:09'),(132,'white',0,43,'2019-11-20 01:48:09','2019-11-20 01:48:09'),(133,'3.14',0,44,'2019-11-20 01:48:09','2019-11-20 01:48:09'),(134,'1',0,44,'2019-11-20 01:48:09','2019-11-20 01:48:09'),(135,'4',1,44,'2019-11-20 01:48:09','2019-11-20 01:48:09'),(136,'2',0,44,'2019-11-20 01:48:09','2019-11-20 01:48:09'),(137,'3.14',0,45,'2019-11-20 01:48:09','2019-11-20 01:48:09'),(138,'1',0,45,'2019-11-20 01:48:09','2019-11-20 01:48:09'),(139,'4',1,45,'2019-11-20 01:48:09','2019-11-20 01:48:09'),(140,'2',0,45,'2019-11-20 01:48:09','2019-11-20 01:48:09'),(141,'Forest',0,46,'2019-11-20 01:48:10','2019-11-20 01:48:10'),(142,'Oak',0,46,'2019-11-20 01:48:10','2019-11-20 01:48:10'),(143,'University',1,46,'2019-11-20 01:48:10','2019-11-20 01:48:10'),(144,'Highland',0,46,'2019-11-20 01:48:10','2019-11-20 01:48:10'),(145,'No',0,47,'2019-11-20 01:48:10','2019-11-20 01:48:10'),(146,'Yes',1,47,'2019-11-20 01:48:10','2019-11-20 01:48:10'),(147,'Computer Programming and Statistics',0,48,'2019-11-20 01:48:10','2019-11-20 01:48:10'),(148,'Charitable People Solving Crime',0,48,'2019-11-20 01:48:10','2019-11-20 01:48:10'),(149,'Computer Science',1,48,'2019-11-20 01:48:10','2019-11-20 01:48:10'),(150,'Computer Programming',0,48,'2019-11-20 01:48:10','2019-11-20 01:48:10'),(151,'True',1,49,'2019-11-20 01:48:10','2019-11-20 01:48:10'),(152,'False',0,49,'2019-11-20 01:48:10','2019-11-20 01:48:10'),(153,'3.14',0,50,'2019-11-20 01:48:10','2019-11-20 01:48:10'),(154,'1',0,50,'2019-11-20 01:48:10','2019-11-20 01:48:10'),(155,'4',1,50,'2019-11-20 01:48:10','2019-11-20 01:48:10'),(156,'2',0,50,'2019-11-20 01:48:10','2019-11-20 01:48:10'),(157,'True',0,51,'2019-11-20 01:48:10','2019-11-20 01:48:10'),(158,'False',1,51,'2019-11-20 01:48:10','2019-11-20 01:48:10'),(159,'No',0,52,'2019-11-20 01:48:10','2019-11-20 01:48:10'),(160,'Yes',1,52,'2019-11-20 01:48:10','2019-11-20 01:48:10'),(161,'Forest',0,53,'2019-11-20 01:48:10','2019-11-20 01:48:10'),(162,'Oak',0,53,'2019-11-20 01:48:10','2019-11-20 01:48:10'),(163,'University',1,53,'2019-11-20 01:48:10','2019-11-20 01:48:10'),(164,'Highland',0,53,'2019-11-20 01:48:11','2019-11-20 01:48:11'),(165,'True',0,54,'2019-11-20 01:48:11','2019-11-20 01:48:11'),(166,'False',1,54,'2019-11-20 01:48:11','2019-11-20 01:48:11'),(167,'True',1,55,'2019-11-20 01:48:11','2019-11-20 01:48:11'),(168,'False',0,55,'2019-11-20 01:48:11','2019-11-20 01:48:11'),(169,'No',0,56,'2019-11-20 01:48:11','2019-11-20 01:48:11'),(170,'Yes',1,56,'2019-11-20 01:48:11','2019-11-20 01:48:11'),(171,'No',0,57,'2019-11-20 01:48:11','2019-11-20 01:48:11'),(172,'Yes',1,57,'2019-11-20 01:48:11','2019-11-20 01:48:11'),(173,'13',0,58,'2019-11-20 01:48:11','2019-11-20 01:48:11'),(174,'48',0,58,'2019-11-20 01:48:11','2019-11-20 01:48:11'),(175,'50',1,58,'2019-11-20 01:48:11','2019-11-20 01:48:11'),(176,'29',0,58,'2019-11-20 01:48:11','2019-11-20 01:48:11'),(177,'Computer Programming and Statistics',0,59,'2019-11-20 01:48:11','2019-11-20 01:48:11'),(178,'Charitable People Solving Crime',0,59,'2019-11-20 01:48:11','2019-11-20 01:48:11'),(179,'Computer Science',1,59,'2019-11-20 01:48:11','2019-11-20 01:48:11'),(180,'Computer Programming',0,59,'2019-11-20 01:48:11','2019-11-20 01:48:11'),(181,'True',1,60,'2019-11-20 01:48:11','2019-11-20 01:48:11'),(182,'False',0,60,'2019-11-20 01:48:11','2019-11-20 01:48:11'),(183,'3.14',0,61,'2019-11-20 01:48:11','2019-11-20 01:48:11'),(184,'1',0,61,'2019-11-20 01:48:11','2019-11-20 01:48:11'),(185,'4',1,61,'2019-11-20 01:48:11','2019-11-20 01:48:11'),(186,'2',0,61,'2019-11-20 01:48:11','2019-11-20 01:48:11'),(187,'No',0,62,'2019-11-20 01:48:12','2019-11-20 01:48:12'),(188,'Yes',1,62,'2019-11-20 01:48:12','2019-11-20 01:48:12'),(189,'True',0,63,'2019-11-20 01:48:12','2019-11-20 01:48:12'),(190,'False',1,63,'2019-11-20 01:48:12','2019-11-20 01:48:12'),(191,'Forest',0,64,'2019-11-20 01:48:12','2019-11-20 01:48:12'),(192,'Oak',0,64,'2019-11-20 01:48:12','2019-11-20 01:48:12'),(193,'University',1,64,'2019-11-20 01:48:12','2019-11-20 01:48:12'),(194,'Highland',0,64,'2019-11-20 01:48:12','2019-11-20 01:48:12'),(195,'No',0,65,'2019-11-20 01:48:12','2019-11-20 01:48:12'),(196,'Yes',1,65,'2019-11-20 01:48:12','2019-11-20 01:48:12'),(197,'3.14',0,66,'2019-11-20 01:48:12','2019-11-20 01:48:12'),(198,'1',0,66,'2019-11-20 01:48:12','2019-11-20 01:48:12'),(199,'4',1,66,'2019-11-20 01:48:12','2019-11-20 01:48:12'),(200,'2',0,66,'2019-11-20 01:48:12','2019-11-20 01:48:12'),(201,'True',0,67,'2019-11-20 01:48:12','2019-11-20 01:48:12'),(202,'False',1,67,'2019-11-20 01:48:12','2019-11-20 01:48:12'),(203,'Computer Programming and Statistics',0,68,'2019-11-20 01:48:12','2019-11-20 01:48:12'),(204,'Charitable People Solving Crime',0,68,'2019-11-20 01:48:12','2019-11-20 01:48:12'),(205,'Computer Science',1,68,'2019-11-20 01:48:12','2019-11-20 01:48:12'),(206,'Computer Programming',0,68,'2019-11-20 01:48:12','2019-11-20 01:48:12'),(207,'Forest',0,69,'2019-11-20 01:48:12','2019-11-20 01:48:12'),(208,'Oak',0,69,'2019-11-20 01:48:12','2019-11-20 01:48:12'),(209,'University',1,69,'2019-11-20 01:48:12','2019-11-20 01:48:12'),(210,'Highland',0,69,'2019-11-20 01:48:12','2019-11-20 01:48:12'),(211,'3.14',0,70,'2019-11-20 01:48:12','2019-11-20 01:48:12'),(212,'1',0,70,'2019-11-20 01:48:12','2019-11-20 01:48:12'),(213,'4',1,70,'2019-11-20 01:48:12','2019-11-20 01:48:12'),(214,'2',0,70,'2019-11-20 01:48:12','2019-11-20 01:48:12'),(215,'Computer Programming and Statistics',0,71,'2019-11-20 01:48:13','2019-11-20 01:48:13'),(216,'Charitable People Solving Crime',0,71,'2019-11-20 01:48:13','2019-11-20 01:48:13'),(217,'Computer Science',1,71,'2019-11-20 01:48:13','2019-11-20 01:48:13'),(218,'Computer Programming',0,71,'2019-11-20 01:48:13','2019-11-20 01:48:13'),(219,'True',0,72,'2019-11-20 01:48:13','2019-11-20 01:48:13'),(220,'False',1,72,'2019-11-20 01:48:13','2019-11-20 01:48:13'),(221,'Forest',0,73,'2019-11-20 01:48:13','2019-11-20 01:48:13'),(222,'Oak',0,73,'2019-11-20 01:48:13','2019-11-20 01:48:13'),(223,'University',1,73,'2019-11-20 01:48:13','2019-11-20 01:48:13'),(224,'Highland',0,73,'2019-11-20 01:48:13','2019-11-20 01:48:13'),(225,'True',1,74,'2019-11-20 01:48:13','2019-11-20 01:48:13'),(226,'False',0,74,'2019-11-20 01:48:13','2019-11-20 01:48:13'),(227,'No',0,75,'2019-11-20 01:48:13','2019-11-20 01:48:13'),(228,'Yes',1,75,'2019-11-20 01:48:13','2019-11-20 01:48:13'),(229,'True',0,76,'2019-11-20 01:48:13','2019-11-20 01:48:13'),(230,'False',1,76,'2019-11-20 01:48:13','2019-11-20 01:48:13'),(231,'Forest',0,77,'2019-11-20 01:48:13','2019-11-20 01:48:13'),(232,'Oak',0,77,'2019-11-20 01:48:13','2019-11-20 01:48:13'),(233,'University',1,77,'2019-11-20 01:48:13','2019-11-20 01:48:13'),(234,'Highland',0,77,'2019-11-20 01:48:13','2019-11-20 01:48:13'),(235,'True',0,78,'2019-11-20 01:48:13','2019-11-20 01:48:13'),(236,'False',1,78,'2019-11-20 01:48:13','2019-11-20 01:48:13'),(237,'purple',0,79,'2019-11-20 01:48:13','2019-11-20 01:48:13'),(238,'green',0,79,'2019-11-20 01:48:13','2019-11-20 01:48:13'),(239,'yellow',1,79,'2019-11-20 01:48:13','2019-11-20 01:48:13'),(240,'white',0,79,'2019-11-20 01:48:13','2019-11-20 01:48:13'),(241,'True',1,80,'2019-11-20 01:48:13','2019-11-20 01:48:13'),(242,'False',0,80,'2019-11-20 01:48:14','2019-11-20 01:48:14'),(243,'Forest',0,81,'2019-11-20 01:48:14','2019-11-20 01:48:14'),(244,'Oak',0,81,'2019-11-20 01:48:14','2019-11-20 01:48:14'),(245,'University',1,81,'2019-11-20 01:48:14','2019-11-20 01:48:14'),(246,'Highland',0,81,'2019-11-20 01:48:14','2019-11-20 01:48:14'),(247,'No',0,82,'2019-11-20 01:48:14','2019-11-20 01:48:14'),(248,'Yes',1,82,'2019-11-20 01:48:14','2019-11-20 01:48:14'),(249,'True',0,83,'2019-11-20 01:48:14','2019-11-20 01:48:14'),(250,'False',1,83,'2019-11-20 01:48:14','2019-11-20 01:48:14'),(251,'3.14',0,84,'2019-11-20 01:48:14','2019-11-20 01:48:14'),(252,'1',0,84,'2019-11-20 01:48:14','2019-11-20 01:48:14'),(253,'4',1,84,'2019-11-20 01:48:14','2019-11-20 01:48:14'),(254,'2',0,84,'2019-11-20 01:48:14','2019-11-20 01:48:14'),(255,'Computer Programming and Statistics',0,85,'2019-11-20 01:48:14','2019-11-20 01:48:14'),(256,'Charitable People Solving Crime',0,85,'2019-11-20 01:48:14','2019-11-20 01:48:14'),(257,'Computer Science',1,85,'2019-11-20 01:48:14','2019-11-20 01:48:14'),(258,'Computer Programming',0,85,'2019-11-20 01:48:14','2019-11-20 01:48:14'),(259,'Forest',0,86,'2019-11-20 01:48:14','2019-11-20 01:48:14'),(260,'Oak',0,86,'2019-11-20 01:48:14','2019-11-20 01:48:14'),(261,'University',1,86,'2019-11-20 01:48:14','2019-11-20 01:48:14'),(262,'Highland',0,86,'2019-11-20 01:48:14','2019-11-20 01:48:14'),(263,'True',0,87,'2019-11-20 01:48:14','2019-11-20 01:48:14'),(264,'False',1,87,'2019-11-20 01:48:14','2019-11-20 01:48:14'),(265,'13',0,88,'2019-11-20 01:48:14','2019-11-20 01:48:14'),(266,'48',0,88,'2019-11-20 01:48:14','2019-11-20 01:48:14'),(267,'50',1,88,'2019-11-20 01:48:14','2019-11-20 01:48:14'),(268,'29',0,88,'2019-11-20 01:48:14','2019-11-20 01:48:14'),(269,'No',0,89,'2019-11-20 01:48:14','2019-11-20 01:48:14'),(270,'Yes',1,89,'2019-11-20 01:48:14','2019-11-20 01:48:14'),(271,'purple',0,90,'2019-11-20 01:48:14','2019-11-20 01:48:14'),(272,'green',0,90,'2019-11-20 01:48:14','2019-11-20 01:48:14'),(273,'yellow',1,90,'2019-11-20 01:48:14','2019-11-20 01:48:14'),(274,'white',0,90,'2019-11-20 01:48:14','2019-11-20 01:48:14'),(275,'Computer Programming and Statistics',0,91,'2019-11-20 01:48:14','2019-11-20 01:48:14'),(276,'Charitable People Solving Crime',0,91,'2019-11-20 01:48:15','2019-11-20 01:48:15'),(277,'Computer Science',1,91,'2019-11-20 01:48:15','2019-11-20 01:48:15'),(278,'Computer Programming',0,91,'2019-11-20 01:48:15','2019-11-20 01:48:15'),(279,'3.14',0,92,'2019-11-20 01:48:15','2019-11-20 01:48:15'),(280,'1',0,92,'2019-11-20 01:48:15','2019-11-20 01:48:15'),(281,'4',1,92,'2019-11-20 01:48:15','2019-11-20 01:48:15'),(282,'2',0,92,'2019-11-20 01:48:15','2019-11-20 01:48:15'),(283,'Forest',0,93,'2019-11-20 01:48:15','2019-11-20 01:48:15'),(284,'Oak',0,93,'2019-11-20 01:48:15','2019-11-20 01:48:15'),(285,'University',1,93,'2019-11-20 01:48:15','2019-11-20 01:48:15'),(286,'Highland',0,93,'2019-11-20 01:48:15','2019-11-20 01:48:15'),(287,'True',1,94,'2019-11-20 01:48:15','2019-11-20 01:48:15'),(288,'False',0,94,'2019-11-20 01:48:15','2019-11-20 01:48:15'),(289,'purple',0,95,'2019-11-20 01:48:15','2019-11-20 01:48:15'),(290,'green',0,95,'2019-11-20 01:48:15','2019-11-20 01:48:15'),(291,'yellow',1,95,'2019-11-20 01:48:15','2019-11-20 01:48:15'),(292,'white',0,95,'2019-11-20 01:48:15','2019-11-20 01:48:15'),(293,'No',0,96,'2019-11-20 01:48:15','2019-11-20 01:48:15'),(294,'Yes',1,96,'2019-11-20 01:48:15','2019-11-20 01:48:15'),(295,'Forest',0,97,'2019-11-20 01:48:15','2019-11-20 01:48:15'),(296,'Oak',0,97,'2019-11-20 01:48:15','2019-11-20 01:48:15'),(297,'University',1,97,'2019-11-20 01:48:15','2019-11-20 01:48:15'),(298,'Highland',0,97,'2019-11-20 01:48:15','2019-11-20 01:48:15'),(299,'13',0,98,'2019-11-20 01:48:15','2019-11-20 01:48:15'),(300,'48',0,98,'2019-11-20 01:48:15','2019-11-20 01:48:15'),(301,'50',1,98,'2019-11-20 01:48:15','2019-11-20 01:48:15'),(302,'29',0,98,'2019-11-20 01:48:15','2019-11-20 01:48:15'),(303,'No',0,99,'2019-11-20 01:48:15','2019-11-20 01:48:15'),(304,'Yes',1,99,'2019-11-20 01:48:15','2019-11-20 01:48:15'),(305,'True',1,100,'2019-11-20 01:48:15','2019-11-20 01:48:15'),(306,'False',0,100,'2019-11-20 01:48:15','2019-11-20 01:48:15'),(307,'True',1,101,'2019-11-20 01:48:16','2019-11-20 01:48:16'),(308,'False',0,101,'2019-11-20 01:48:16','2019-11-20 01:48:16'),(309,'True',0,102,'2019-11-20 01:48:16','2019-11-20 01:48:16'),(310,'False',1,102,'2019-11-20 01:48:16','2019-11-20 01:48:16'),(311,'13',0,103,'2019-11-20 01:48:16','2019-11-20 01:48:16'),(312,'48',0,103,'2019-11-20 01:48:16','2019-11-20 01:48:16'),(313,'50',1,103,'2019-11-20 01:48:16','2019-11-20 01:48:16'),(314,'29',0,103,'2019-11-20 01:48:16','2019-11-20 01:48:16'),(315,'No',0,104,'2019-11-20 01:48:16','2019-11-20 01:48:16'),(316,'Yes',1,104,'2019-11-20 01:48:16','2019-11-20 01:48:16'),(317,'True',1,105,'2019-11-20 01:48:16','2019-11-20 01:48:16'),(318,'False',0,105,'2019-11-20 01:48:16','2019-11-20 01:48:16'),(319,'3.14',0,106,'2019-11-20 01:48:16','2019-11-20 01:48:16'),(320,'1',0,106,'2019-11-20 01:48:16','2019-11-20 01:48:16'),(321,'4',1,106,'2019-11-20 01:48:16','2019-11-20 01:48:16'),(322,'2',0,106,'2019-11-20 01:48:16','2019-11-20 01:48:16'),(323,'True',0,107,'2019-11-20 01:48:16','2019-11-20 01:48:16'),(324,'False',1,107,'2019-11-20 01:48:16','2019-11-20 01:48:16'),(325,'No',0,108,'2019-11-20 01:48:16','2019-11-20 01:48:16'),(326,'Yes',1,108,'2019-11-20 01:48:16','2019-11-20 01:48:16'),(327,'Forest',0,109,'2019-11-20 01:48:16','2019-11-20 01:48:16'),(328,'Oak',0,109,'2019-11-20 01:48:16','2019-11-20 01:48:16'),(329,'University',1,109,'2019-11-20 01:48:16','2019-11-20 01:48:16'),(330,'Highland',0,109,'2019-11-20 01:48:16','2019-11-20 01:48:16'),(331,'Computer Programming and Statistics',0,110,'2019-11-20 01:48:16','2019-11-20 01:48:16'),(332,'Charitable People Solving Crime',0,110,'2019-11-20 01:48:16','2019-11-20 01:48:16'),(333,'Computer Science',1,110,'2019-11-20 01:48:16','2019-11-20 01:48:16'),(334,'Computer Programming',0,110,'2019-11-20 01:48:16','2019-11-20 01:48:16'),(335,'True',1,111,'2019-11-20 01:48:16','2019-11-20 01:48:16'),(336,'False',0,111,'2019-11-20 01:48:16','2019-11-20 01:48:16'),(337,'13',0,112,'2019-11-20 01:48:17','2019-11-20 01:48:17'),(338,'48',0,112,'2019-11-20 01:48:17','2019-11-20 01:48:17'),(339,'50',1,112,'2019-11-20 01:48:17','2019-11-20 01:48:17'),(340,'29',0,112,'2019-11-20 01:48:17','2019-11-20 01:48:17'),(341,'3.14',0,113,'2019-11-20 01:48:17','2019-11-20 01:48:17'),(342,'1',0,113,'2019-11-20 01:48:17','2019-11-20 01:48:17'),(343,'4',1,113,'2019-11-20 01:48:17','2019-11-20 01:48:17'),(344,'2',0,113,'2019-11-20 01:48:17','2019-11-20 01:48:17'),(345,'True',1,114,'2019-11-20 01:48:17','2019-11-20 01:48:17'),(346,'False',0,114,'2019-11-20 01:48:17','2019-11-20 01:48:17'),(347,'13',0,115,'2019-11-20 01:48:17','2019-11-20 01:48:17'),(348,'48',0,115,'2019-11-20 01:48:17','2019-11-20 01:48:17'),(349,'50',1,115,'2019-11-20 01:48:17','2019-11-20 01:48:17'),(350,'29',0,115,'2019-11-20 01:48:17','2019-11-20 01:48:17'),(351,'True',0,116,'2019-11-20 01:48:17','2019-11-20 01:48:17'),(352,'False',1,116,'2019-11-20 01:48:17','2019-11-20 01:48:17'),(353,'Forest',0,117,'2019-11-20 01:48:17','2019-11-20 01:48:17'),(354,'Oak',0,117,'2019-11-20 01:48:17','2019-11-20 01:48:17'),(355,'University',1,117,'2019-11-20 01:48:17','2019-11-20 01:48:17'),(356,'Highland',0,117,'2019-11-20 01:48:17','2019-11-20 01:48:17'),(357,'purple',0,118,'2019-11-20 01:48:17','2019-11-20 01:48:17'),(358,'green',0,118,'2019-11-20 01:48:17','2019-11-20 01:48:17'),(359,'yellow',1,118,'2019-11-20 01:48:17','2019-11-20 01:48:17'),(360,'white',0,118,'2019-11-20 01:48:17','2019-11-20 01:48:17'),(361,'13',0,119,'2019-11-20 01:48:17','2019-11-20 01:48:17'),(362,'48',0,119,'2019-11-20 01:48:17','2019-11-20 01:48:17'),(363,'50',1,119,'2019-11-20 01:48:17','2019-11-20 01:48:17'),(364,'29',0,119,'2019-11-20 01:48:17','2019-11-20 01:48:17'),(365,'Computer Programming and Statistics',0,120,'2019-11-20 01:48:17','2019-11-20 01:48:17'),(366,'Charitable People Solving Crime',0,120,'2019-11-20 01:48:17','2019-11-20 01:48:17'),(367,'Computer Science',1,120,'2019-11-20 01:48:17','2019-11-20 01:48:17'),(368,'Computer Programming',0,120,'2019-11-20 01:48:17','2019-11-20 01:48:17'),(369,'True',0,121,'2019-11-20 01:48:18','2019-11-20 01:48:18'),(370,'False',1,121,'2019-11-20 01:48:18','2019-11-20 01:48:18'),(371,'Computer Programming and Statistics',0,122,'2019-11-20 01:48:18','2019-11-20 01:48:18'),(372,'Charitable People Solving Crime',0,122,'2019-11-20 01:48:18','2019-11-20 01:48:18'),(373,'Computer Science',1,122,'2019-11-20 01:48:18','2019-11-20 01:48:18'),(374,'Computer Programming',0,122,'2019-11-20 01:48:18','2019-11-20 01:48:18'),(375,'True',1,123,'2019-11-20 01:48:18','2019-11-20 01:48:18'),(376,'False',0,123,'2019-11-20 01:48:18','2019-11-20 01:48:18'),(377,'purple',0,124,'2019-11-20 01:48:18','2019-11-20 01:48:18'),(378,'green',0,124,'2019-11-20 01:48:18','2019-11-20 01:48:18'),(379,'yellow',1,124,'2019-11-20 01:48:18','2019-11-20 01:48:18'),(380,'white',0,124,'2019-11-20 01:48:18','2019-11-20 01:48:18'),(381,'Forest',0,125,'2019-11-20 01:48:18','2019-11-20 01:48:18'),(382,'Oak',0,125,'2019-11-20 01:48:18','2019-11-20 01:48:18'),(383,'University',1,125,'2019-11-20 01:48:18','2019-11-20 01:48:18'),(384,'Highland',0,125,'2019-11-20 01:48:18','2019-11-20 01:48:18'),(385,'True',0,126,'2019-11-20 01:48:18','2019-11-20 01:48:18'),(386,'False',1,126,'2019-11-20 01:48:18','2019-11-20 01:48:18'),(387,'13',0,127,'2019-11-20 01:48:18','2019-11-20 01:48:18'),(388,'48',0,127,'2019-11-20 01:48:18','2019-11-20 01:48:18'),(389,'50',1,127,'2019-11-20 01:48:18','2019-11-20 01:48:18'),(390,'29',0,127,'2019-11-20 01:48:18','2019-11-20 01:48:18'),(391,'Computer Programming and Statistics',0,128,'2019-11-20 01:48:18','2019-11-20 01:48:18'),(392,'Charitable People Solving Crime',0,128,'2019-11-20 01:48:18','2019-11-20 01:48:18'),(393,'Computer Science',1,128,'2019-11-20 01:48:18','2019-11-20 01:48:18'),(394,'Computer Programming',0,128,'2019-11-20 01:48:18','2019-11-20 01:48:18'),(395,'purple',0,129,'2019-11-20 01:48:18','2019-11-20 01:48:18'),(396,'green',0,129,'2019-11-20 01:48:19','2019-11-20 01:48:19'),(397,'yellow',1,129,'2019-11-20 01:48:19','2019-11-20 01:48:19'),(398,'white',0,129,'2019-11-20 01:48:19','2019-11-20 01:48:19'),(399,'Forest',0,130,'2019-11-20 01:48:19','2019-11-20 01:48:19'),(400,'Oak',0,130,'2019-11-20 01:48:19','2019-11-20 01:48:19'),(401,'University',1,130,'2019-11-20 01:48:19','2019-11-20 01:48:19'),(402,'Highland',0,130,'2019-11-20 01:48:19','2019-11-20 01:48:19'),(403,'3.14',0,131,'2019-11-20 01:48:19','2019-11-20 01:48:19'),(404,'1',0,131,'2019-11-20 01:48:19','2019-11-20 01:48:19'),(405,'4',1,131,'2019-11-20 01:48:19','2019-11-20 01:48:19'),(406,'2',0,131,'2019-11-20 01:48:19','2019-11-20 01:48:19'),(407,'No',0,132,'2019-11-20 01:48:19','2019-11-20 01:48:19'),(408,'Yes',1,132,'2019-11-20 01:48:19','2019-11-20 01:48:19'),(409,'purple',0,133,'2019-11-20 01:48:19','2019-11-20 01:48:19'),(410,'green',0,133,'2019-11-20 01:48:19','2019-11-20 01:48:19'),(411,'yellow',1,133,'2019-11-20 01:48:19','2019-11-20 01:48:19'),(412,'white',0,133,'2019-11-20 01:48:19','2019-11-20 01:48:19'),(413,'Forest',0,134,'2019-11-20 01:48:19','2019-11-20 01:48:19'),(414,'Oak',0,134,'2019-11-20 01:48:19','2019-11-20 01:48:19'),(415,'University',1,134,'2019-11-20 01:48:19','2019-11-20 01:48:19'),(416,'Highland',0,134,'2019-11-20 01:48:19','2019-11-20 01:48:19'),(417,'3.14',0,135,'2019-11-20 01:48:19','2019-11-20 01:48:19'),(418,'1',0,135,'2019-11-20 01:48:19','2019-11-20 01:48:19'),(419,'4',1,135,'2019-11-20 01:48:19','2019-11-20 01:48:19'),(420,'2',0,135,'2019-11-20 01:48:19','2019-11-20 01:48:19'),(421,'No',0,136,'2019-11-20 01:48:19','2019-11-20 01:48:19'),(422,'Yes',1,136,'2019-11-20 01:48:19','2019-11-20 01:48:19'),(423,'Computer Programming and Statistics',0,137,'2019-11-20 01:48:19','2019-11-20 01:48:19'),(424,'Charitable People Solving Crime',0,137,'2019-11-20 01:48:19','2019-11-20 01:48:19'),(425,'Computer Science',1,137,'2019-11-20 01:48:20','2019-11-20 01:48:20'),(426,'Computer Programming',0,137,'2019-11-20 01:48:20','2019-11-20 01:48:20'),(427,'True',1,138,'2019-11-20 01:48:20','2019-11-20 01:48:20'),(428,'False',0,138,'2019-11-20 01:48:20','2019-11-20 01:48:20'),(429,'No',0,139,'2019-11-20 01:48:20','2019-11-20 01:48:20'),(430,'Yes',1,139,'2019-11-20 01:48:20','2019-11-20 01:48:20'),(431,'3.14',0,140,'2019-11-20 01:48:20','2019-11-20 01:48:20'),(432,'1',0,140,'2019-11-20 01:48:20','2019-11-20 01:48:20'),(433,'4',1,140,'2019-11-20 01:48:20','2019-11-20 01:48:20'),(434,'2',0,140,'2019-11-20 01:48:20','2019-11-20 01:48:20'),(435,'True',1,141,'2019-11-20 01:48:20','2019-11-20 01:48:20'),(436,'False',0,141,'2019-11-20 01:48:20','2019-11-20 01:48:20'),(437,'Forest',0,142,'2019-11-20 01:48:20','2019-11-20 01:48:20'),(438,'Oak',0,142,'2019-11-20 01:48:20','2019-11-20 01:48:20'),(439,'University',1,142,'2019-11-20 01:48:20','2019-11-20 01:48:20'),(440,'Highland',0,142,'2019-11-20 01:48:20','2019-11-20 01:48:20'),(441,'No',0,143,'2019-11-20 01:48:20','2019-11-20 01:48:20'),(442,'Yes',1,143,'2019-11-20 01:48:20','2019-11-20 01:48:20'),(443,'True',0,144,'2019-11-20 01:48:20','2019-11-20 01:48:20'),(444,'False',1,144,'2019-11-20 01:48:20','2019-11-20 01:48:20'),(445,'13',0,145,'2019-11-20 01:48:20','2019-11-20 01:48:20'),(446,'48',0,145,'2019-11-20 01:48:20','2019-11-20 01:48:20'),(447,'50',1,145,'2019-11-20 01:48:20','2019-11-20 01:48:20'),(448,'29',0,145,'2019-11-20 01:48:20','2019-11-20 01:48:20'),(449,'No',0,146,'2019-11-20 01:48:20','2019-11-20 01:48:20'),(450,'Yes',1,146,'2019-11-20 01:48:20','2019-11-20 01:48:20'),(451,'Forest',0,147,'2019-11-20 01:48:21','2019-11-20 01:48:21'),(452,'Oak',0,147,'2019-11-20 01:48:21','2019-11-20 01:48:21'),(453,'University',1,147,'2019-11-20 01:48:21','2019-11-20 01:48:21'),(454,'Highland',0,147,'2019-11-20 01:48:21','2019-11-20 01:48:21'),(455,'3.14',0,148,'2019-11-20 01:48:21','2019-11-20 01:48:21'),(456,'1',0,148,'2019-11-20 01:48:21','2019-11-20 01:48:21'),(457,'4',1,148,'2019-11-20 01:48:21','2019-11-20 01:48:21'),(458,'2',0,148,'2019-11-20 01:48:21','2019-11-20 01:48:21'),(459,'3.14',0,149,'2019-11-20 01:48:21','2019-11-20 01:48:21'),(460,'1',0,149,'2019-11-20 01:48:21','2019-11-20 01:48:21'),(461,'4',1,149,'2019-11-20 01:48:21','2019-11-20 01:48:21'),(462,'2',0,149,'2019-11-20 01:48:21','2019-11-20 01:48:21'),(463,'purple',0,150,'2019-11-20 01:48:21','2019-11-20 01:48:21'),(464,'green',0,150,'2019-11-20 01:48:21','2019-11-20 01:48:21'),(465,'yellow',1,150,'2019-11-20 01:48:21','2019-11-20 01:48:21'),(466,'white',0,150,'2019-11-20 01:48:21','2019-11-20 01:48:21'),(467,'True',1,151,'2019-11-20 01:48:21','2019-11-20 01:48:21'),(468,'False',0,151,'2019-11-20 01:48:21','2019-11-20 01:48:21'),(469,'No',0,152,'2019-11-20 01:48:21','2019-11-20 01:48:21'),(470,'Yes',1,152,'2019-11-20 01:48:21','2019-11-20 01:48:21'),(471,'13',0,153,'2019-11-20 01:48:21','2019-11-20 01:48:21'),(472,'48',0,153,'2019-11-20 01:48:21','2019-11-20 01:48:21'),(473,'50',1,153,'2019-11-20 01:48:21','2019-11-20 01:48:21'),(474,'29',0,153,'2019-11-20 01:48:21','2019-11-20 01:48:21'),(475,'True',0,154,'2019-11-20 01:48:21','2019-11-20 01:48:21'),(476,'False',1,154,'2019-11-20 01:48:21','2019-11-20 01:48:21'),(477,'purple',0,155,'2019-11-20 01:48:21','2019-11-20 01:48:21'),(478,'green',0,155,'2019-11-20 01:48:21','2019-11-20 01:48:21'),(479,'yellow',1,155,'2019-11-20 01:48:22','2019-11-20 01:48:22'),(480,'white',0,155,'2019-11-20 01:48:22','2019-11-20 01:48:22'),(481,'3.14',0,156,'2019-11-20 01:48:22','2019-11-20 01:48:22'),(482,'1',0,156,'2019-11-20 01:48:22','2019-11-20 01:48:22'),(483,'4',1,156,'2019-11-20 01:48:22','2019-11-20 01:48:22'),(484,'2',0,156,'2019-11-20 01:48:22','2019-11-20 01:48:22'),(485,'purple',0,157,'2019-11-20 01:48:22','2019-11-20 01:48:22'),(486,'green',0,157,'2019-11-20 01:48:22','2019-11-20 01:48:22'),(487,'yellow',1,157,'2019-11-20 01:48:22','2019-11-20 01:48:22'),(488,'white',0,157,'2019-11-20 01:48:22','2019-11-20 01:48:22'),(489,'True',0,158,'2019-11-20 01:48:22','2019-11-20 01:48:22'),(490,'False',1,158,'2019-11-20 01:48:22','2019-11-20 01:48:22'),(491,'13',0,159,'2019-11-20 01:48:22','2019-11-20 01:48:22'),(492,'48',0,159,'2019-11-20 01:48:22','2019-11-20 01:48:22'),(493,'50',1,159,'2019-11-20 01:48:22','2019-11-20 01:48:22'),(494,'29',0,159,'2019-11-20 01:48:22','2019-11-20 01:48:22'),(495,'Computer Programming and Statistics',0,160,'2019-11-20 01:48:22','2019-11-20 01:48:22'),(496,'Charitable People Solving Crime',0,160,'2019-11-20 01:48:22','2019-11-20 01:48:22'),(497,'Computer Science',1,160,'2019-11-20 01:48:22','2019-11-20 01:48:22'),(498,'Computer Programming',0,160,'2019-11-20 01:48:22','2019-11-20 01:48:22'),(499,'True',0,161,'2019-11-20 01:48:22','2019-11-20 01:48:22'),(500,'False',1,161,'2019-11-20 01:48:22','2019-11-20 01:48:22'),(501,'3.14',0,162,'2019-11-20 01:48:22','2019-11-20 01:48:22'),(502,'1',0,162,'2019-11-20 01:48:22','2019-11-20 01:48:22'),(503,'4',1,162,'2019-11-20 01:48:22','2019-11-20 01:48:22'),(504,'2',0,162,'2019-11-20 01:48:22','2019-11-20 01:48:22'),(505,'No',0,163,'2019-11-20 01:48:22','2019-11-20 01:48:22'),(506,'Yes',1,163,'2019-11-20 01:48:22','2019-11-20 01:48:22'),(507,'Computer Programming and Statistics',0,164,'2019-11-20 01:48:23','2019-11-20 01:48:23'),(508,'Charitable People Solving Crime',0,164,'2019-11-20 01:48:23','2019-11-20 01:48:23'),(509,'Computer Science',1,164,'2019-11-20 01:48:23','2019-11-20 01:48:23'),(510,'Computer Programming',0,164,'2019-11-20 01:48:23','2019-11-20 01:48:23'),(511,'No',0,165,'2019-11-20 01:48:23','2019-11-20 01:48:23'),(512,'Yes',1,165,'2019-11-20 01:48:23','2019-11-20 01:48:23'),(513,'Forest',0,166,'2019-11-20 01:48:23','2019-11-20 01:48:23'),(514,'Oak',0,166,'2019-11-20 01:48:23','2019-11-20 01:48:23'),(515,'University',1,166,'2019-11-20 01:48:23','2019-11-20 01:48:23'),(516,'Highland',0,166,'2019-11-20 01:48:23','2019-11-20 01:48:23'),(517,'True',0,167,'2019-11-20 01:48:23','2019-11-20 01:48:23'),(518,'False',1,167,'2019-11-20 01:48:23','2019-11-20 01:48:23'),(519,'purple',0,168,'2019-11-20 01:48:23','2019-11-20 01:48:23'),(520,'green',0,168,'2019-11-20 01:48:23','2019-11-20 01:48:23'),(521,'yellow',1,168,'2019-11-20 01:48:23','2019-11-20 01:48:23'),(522,'white',0,168,'2019-11-20 01:48:23','2019-11-20 01:48:23'),(523,'Computer Programming and Statistics',0,169,'2019-11-20 01:48:23','2019-11-20 01:48:23'),(524,'Charitable People Solving Crime',0,169,'2019-11-20 01:48:23','2019-11-20 01:48:23'),(525,'Computer Science',1,169,'2019-11-20 01:48:23','2019-11-20 01:48:23'),(526,'Computer Programming',0,169,'2019-11-20 01:48:23','2019-11-20 01:48:23'),(527,'True',0,170,'2019-11-20 01:48:23','2019-11-20 01:48:23'),(528,'False',1,170,'2019-11-20 01:48:23','2019-11-20 01:48:23'),(529,'True',1,171,'2019-11-20 01:48:23','2019-11-20 01:48:23'),(530,'False',0,171,'2019-11-20 01:48:23','2019-11-20 01:48:23'),(531,'13',0,172,'2019-11-20 01:48:23','2019-11-20 01:48:23'),(532,'48',0,172,'2019-11-20 01:48:23','2019-11-20 01:48:23'),(533,'50',1,172,'2019-11-20 01:48:23','2019-11-20 01:48:23'),(534,'29',0,172,'2019-11-20 01:48:23','2019-11-20 01:48:23'),(535,'13',0,173,'2019-11-20 01:48:24','2019-11-20 01:48:24'),(536,'48',0,173,'2019-11-20 01:48:24','2019-11-20 01:48:24'),(537,'50',1,173,'2019-11-20 01:48:24','2019-11-20 01:48:24'),(538,'29',0,173,'2019-11-20 01:48:24','2019-11-20 01:48:24'),(539,'True',1,174,'2019-11-20 01:48:24','2019-11-20 01:48:24'),(540,'False',0,174,'2019-11-20 01:48:24','2019-11-20 01:48:24'),(541,'3.14',0,175,'2019-11-20 01:48:24','2019-11-20 01:48:24'),(542,'1',0,175,'2019-11-20 01:48:24','2019-11-20 01:48:24'),(543,'4',1,175,'2019-11-20 01:48:24','2019-11-20 01:48:24'),(544,'2',0,175,'2019-11-20 01:48:24','2019-11-20 01:48:24'),(545,'purple',0,176,'2019-11-20 01:48:24','2019-11-20 01:48:24'),(546,'green',0,176,'2019-11-20 01:48:24','2019-11-20 01:48:24'),(547,'yellow',1,176,'2019-11-20 01:48:24','2019-11-20 01:48:24'),(548,'white',0,176,'2019-11-20 01:48:24','2019-11-20 01:48:24'),(549,'purple',0,177,'2019-11-20 01:48:24','2019-11-20 01:48:24'),(550,'green',0,177,'2019-11-20 01:48:24','2019-11-20 01:48:24'),(551,'yellow',1,177,'2019-11-20 01:48:24','2019-11-20 01:48:24'),(552,'white',0,177,'2019-11-20 01:48:24','2019-11-20 01:48:24'),(553,'Forest',0,178,'2019-11-20 01:48:24','2019-11-20 01:48:24'),(554,'Oak',0,178,'2019-11-20 01:48:24','2019-11-20 01:48:24'),(555,'University',1,178,'2019-11-20 01:48:25','2019-11-20 01:48:25'),(556,'Highland',0,178,'2019-11-20 01:48:25','2019-11-20 01:48:25'),(557,'Computer Programming and Statistics',0,179,'2019-11-20 01:48:25','2019-11-20 01:48:25'),(558,'Charitable People Solving Crime',0,179,'2019-11-20 01:48:26','2019-11-20 01:48:26'),(559,'Computer Science',1,179,'2019-11-20 01:48:26','2019-11-20 01:48:26'),(560,'Computer Programming',0,179,'2019-11-20 01:48:26','2019-11-20 01:48:26'),(561,'True',0,180,'2019-11-20 01:48:26','2019-11-20 01:48:26'),(562,'False',1,180,'2019-11-20 01:48:26','2019-11-20 01:48:26'),(563,'3.14',0,181,'2019-11-20 01:48:26','2019-11-20 01:48:26'),(564,'1',0,181,'2019-11-20 01:48:26','2019-11-20 01:48:26'),(565,'4',1,181,'2019-11-20 01:48:26','2019-11-20 01:48:26'),(566,'2',0,181,'2019-11-20 01:48:26','2019-11-20 01:48:26'),(567,'13',0,182,'2019-11-20 01:48:26','2019-11-20 01:48:26'),(568,'48',0,182,'2019-11-20 01:48:26','2019-11-20 01:48:26'),(569,'50',1,182,'2019-11-20 01:48:26','2019-11-20 01:48:26'),(570,'29',0,182,'2019-11-20 01:48:27','2019-11-20 01:48:27'),(571,'Computer Programming and Statistics',0,183,'2019-11-20 01:48:27','2019-11-20 01:48:27'),(572,'Charitable People Solving Crime',0,183,'2019-11-20 01:48:27','2019-11-20 01:48:27'),(573,'Computer Science',1,183,'2019-11-20 01:48:27','2019-11-20 01:48:27'),(574,'Computer Programming',0,183,'2019-11-20 01:48:27','2019-11-20 01:48:27'),(575,'True',0,184,'2019-11-20 01:48:27','2019-11-20 01:48:27'),(576,'False',1,184,'2019-11-20 01:48:27','2019-11-20 01:48:27'),(577,'Forest',0,185,'2019-11-20 01:48:27','2019-11-20 01:48:27'),(578,'Oak',0,185,'2019-11-20 01:48:27','2019-11-20 01:48:27'),(579,'University',1,185,'2019-11-20 01:48:27','2019-11-20 01:48:27'),(580,'Highland',0,185,'2019-11-20 01:48:27','2019-11-20 01:48:27'),(581,'Computer Programming and Statistics',0,186,'2019-11-20 01:48:27','2019-11-20 01:48:27'),(582,'Charitable People Solving Crime',0,186,'2019-11-20 01:48:27','2019-11-20 01:48:27'),(583,'Computer Science',1,186,'2019-11-20 01:48:27','2019-11-20 01:48:27'),(584,'Computer Programming',0,186,'2019-11-20 01:48:27','2019-11-20 01:48:27'),(585,'True',1,187,'2019-11-20 01:48:27','2019-11-20 01:48:27'),(586,'False',0,187,'2019-11-20 01:48:27','2019-11-20 01:48:27'),(587,'purple',0,188,'2019-11-20 01:48:27','2019-11-20 01:48:27'),(588,'green',0,188,'2019-11-20 01:48:27','2019-11-20 01:48:27'),(589,'yellow',1,188,'2019-11-20 01:48:27','2019-11-20 01:48:27'),(590,'white',0,188,'2019-11-20 01:48:27','2019-11-20 01:48:27'),(591,'Forest',0,189,'2019-11-20 01:48:27','2019-11-20 01:48:27'),(592,'Oak',0,189,'2019-11-20 01:48:27','2019-11-20 01:48:27'),(593,'University',1,189,'2019-11-20 01:48:28','2019-11-20 01:48:28'),(594,'Highland',0,189,'2019-11-20 01:48:28','2019-11-20 01:48:28'),(595,'True',0,190,'2019-11-20 01:48:28','2019-11-20 01:48:28'),(596,'False',1,190,'2019-11-20 01:48:28','2019-11-20 01:48:28'),(597,'purple',0,191,'2019-11-20 01:48:28','2019-11-20 01:48:28'),(598,'green',0,191,'2019-11-20 01:48:28','2019-11-20 01:48:28'),(599,'yellow',1,191,'2019-11-20 01:48:28','2019-11-20 01:48:28'),(600,'white',0,191,'2019-11-20 01:48:28','2019-11-20 01:48:28'),(601,'No',0,192,'2019-11-20 01:48:28','2019-11-20 01:48:28'),(602,'Yes',1,192,'2019-11-20 01:48:28','2019-11-20 01:48:28'),(603,'3.14',0,193,'2019-11-20 01:48:28','2019-11-20 01:48:28'),(604,'1',0,193,'2019-11-20 01:48:28','2019-11-20 01:48:28'),(605,'4',1,193,'2019-11-20 01:48:28','2019-11-20 01:48:28'),(606,'2',0,193,'2019-11-20 01:48:28','2019-11-20 01:48:28'),(607,'Computer Programming and Statistics',0,194,'2019-11-20 01:48:28','2019-11-20 01:48:28'),(608,'Charitable People Solving Crime',0,194,'2019-11-20 01:48:28','2019-11-20 01:48:28'),(609,'Computer Science',1,194,'2019-11-20 01:48:28','2019-11-20 01:48:28'),(610,'Computer Programming',0,194,'2019-11-20 01:48:28','2019-11-20 01:48:28'),(611,'True',1,195,'2019-11-20 01:48:28','2019-11-20 01:48:28'),(612,'False',0,195,'2019-11-20 01:48:28','2019-11-20 01:48:28'),(613,'13',0,196,'2019-11-20 01:48:28','2019-11-20 01:48:28'),(614,'48',0,196,'2019-11-20 01:48:28','2019-11-20 01:48:28'),(615,'50',1,196,'2019-11-20 01:48:28','2019-11-20 01:48:28'),(616,'29',0,196,'2019-11-20 01:48:28','2019-11-20 01:48:28'),(617,'purple',0,197,'2019-11-20 01:48:28','2019-11-20 01:48:28'),(618,'green',0,197,'2019-11-20 01:48:28','2019-11-20 01:48:28'),(619,'yellow',1,197,'2019-11-20 01:48:28','2019-11-20 01:48:28'),(620,'white',0,197,'2019-11-20 01:48:28','2019-11-20 01:48:28'),(621,'3.14',0,198,'2019-11-20 01:48:28','2019-11-20 01:48:28'),(622,'1',0,198,'2019-11-20 01:48:29','2019-11-20 01:48:29'),(623,'4',1,198,'2019-11-20 01:48:29','2019-11-20 01:48:29'),(624,'2',0,198,'2019-11-20 01:48:29','2019-11-20 01:48:29'),(625,'True',0,199,'2019-11-20 01:48:29','2019-11-20 01:48:29'),(626,'False',1,199,'2019-11-20 01:48:29','2019-11-20 01:48:29'),(627,'Forest',0,200,'2019-11-20 01:48:29','2019-11-20 01:48:29'),(628,'Oak',0,200,'2019-11-20 01:48:29','2019-11-20 01:48:29'),(629,'University',1,200,'2019-11-20 01:48:29','2019-11-20 01:48:29'),(630,'Highland',0,200,'2019-11-20 01:48:29','2019-11-20 01:48:29'),(631,'3.14',0,201,'2019-11-20 01:48:29','2019-11-20 01:48:29'),(632,'1',0,201,'2019-11-20 01:48:29','2019-11-20 01:48:29'),(633,'4',1,201,'2019-11-20 01:48:29','2019-11-20 01:48:29'),(634,'2',0,201,'2019-11-20 01:48:29','2019-11-20 01:48:29'),(635,'Forest',0,202,'2019-11-20 01:48:29','2019-11-20 01:48:29'),(636,'Oak',0,202,'2019-11-20 01:48:29','2019-11-20 01:48:29'),(637,'University',1,202,'2019-11-20 01:48:29','2019-11-20 01:48:29'),(638,'Highland',0,202,'2019-11-20 01:48:29','2019-11-20 01:48:29'),(639,'True',1,203,'2019-11-20 01:48:29','2019-11-20 01:48:29'),(640,'False',0,203,'2019-11-20 01:48:29','2019-11-20 01:48:29'),(641,'13',0,204,'2019-11-20 01:48:29','2019-11-20 01:48:29'),(642,'48',0,204,'2019-11-20 01:48:29','2019-11-20 01:48:29'),(643,'50',1,204,'2019-11-20 01:48:29','2019-11-20 01:48:29'),(644,'29',0,204,'2019-11-20 01:48:29','2019-11-20 01:48:29'),(645,'13',0,205,'2019-11-20 01:48:29','2019-11-20 01:48:29'),(646,'48',0,205,'2019-11-20 01:48:29','2019-11-20 01:48:29'),(647,'50',1,205,'2019-11-20 01:48:29','2019-11-20 01:48:29'),(648,'29',0,205,'2019-11-20 01:48:29','2019-11-20 01:48:29'),(649,'No',0,206,'2019-11-20 01:48:29','2019-11-20 01:48:29'),(650,'Yes',1,206,'2019-11-20 01:48:29','2019-11-20 01:48:29'),(651,'3.14',0,207,'2019-11-20 01:48:29','2019-11-20 01:48:29'),(652,'1',0,207,'2019-11-20 01:48:29','2019-11-20 01:48:29'),(653,'4',1,207,'2019-11-20 01:48:29','2019-11-20 01:48:29'),(654,'2',0,207,'2019-11-20 01:48:29','2019-11-20 01:48:29'),(655,'Forest',0,208,'2019-11-20 01:48:30','2019-11-20 01:48:30'),(656,'Oak',0,208,'2019-11-20 01:48:30','2019-11-20 01:48:30'),(657,'University',1,208,'2019-11-20 01:48:30','2019-11-20 01:48:30'),(658,'Highland',0,208,'2019-11-20 01:48:30','2019-11-20 01:48:30'),(659,'Forest',0,209,'2019-11-20 01:48:30','2019-11-20 01:48:30'),(660,'Oak',0,209,'2019-11-20 01:48:30','2019-11-20 01:48:30'),(661,'University',1,209,'2019-11-20 01:48:30','2019-11-20 01:48:30'),(662,'Highland',0,209,'2019-11-20 01:48:30','2019-11-20 01:48:30'),(663,'True',0,210,'2019-11-20 01:48:30','2019-11-20 01:48:30'),(664,'False',1,210,'2019-11-20 01:48:30','2019-11-20 01:48:30'),(665,'13',0,211,'2019-11-20 01:48:30','2019-11-20 01:48:30'),(666,'48',0,211,'2019-11-20 01:48:30','2019-11-20 01:48:30'),(667,'50',1,211,'2019-11-20 01:48:30','2019-11-20 01:48:30'),(668,'29',0,211,'2019-11-20 01:48:30','2019-11-20 01:48:30'),(669,'purple',0,212,'2019-11-20 01:48:30','2019-11-20 01:48:30'),(670,'green',0,212,'2019-11-20 01:48:30','2019-11-20 01:48:30'),(671,'yellow',1,212,'2019-11-20 01:48:30','2019-11-20 01:48:30'),(672,'white',0,212,'2019-11-20 01:48:30','2019-11-20 01:48:30'),(673,'13',0,213,'2019-11-20 01:48:30','2019-11-20 01:48:30'),(674,'48',0,213,'2019-11-20 01:48:30','2019-11-20 01:48:30'),(675,'50',1,213,'2019-11-20 01:48:30','2019-11-20 01:48:30'),(676,'29',0,213,'2019-11-20 01:48:30','2019-11-20 01:48:30'),(677,'True',0,214,'2019-11-20 01:48:30','2019-11-20 01:48:30'),(678,'False',1,214,'2019-11-20 01:48:30','2019-11-20 01:48:30'),(679,'purple',0,215,'2019-11-20 01:48:30','2019-11-20 01:48:30'),(680,'green',0,215,'2019-11-20 01:48:30','2019-11-20 01:48:30'),(681,'yellow',1,215,'2019-11-20 01:48:30','2019-11-20 01:48:30'),(682,'white',0,215,'2019-11-20 01:48:30','2019-11-20 01:48:30'),(683,'Forest',0,216,'2019-11-20 01:48:30','2019-11-20 01:48:30'),(684,'Oak',0,216,'2019-11-20 01:48:30','2019-11-20 01:48:30'),(685,'University',1,216,'2019-11-20 01:48:30','2019-11-20 01:48:30'),(686,'Highland',0,216,'2019-11-20 01:48:30','2019-11-20 01:48:30'),(687,'3.14',0,217,'2019-11-20 01:48:30','2019-11-20 01:48:30'),(688,'1',0,217,'2019-11-20 01:48:30','2019-11-20 01:48:30'),(689,'4',1,217,'2019-11-20 01:48:30','2019-11-20 01:48:30'),(690,'2',0,217,'2019-11-20 01:48:31','2019-11-20 01:48:31'),(691,'13',0,218,'2019-11-20 01:48:31','2019-11-20 01:48:31'),(692,'48',0,218,'2019-11-20 01:48:31','2019-11-20 01:48:31'),(693,'50',1,218,'2019-11-20 01:48:31','2019-11-20 01:48:31'),(694,'29',0,218,'2019-11-20 01:48:31','2019-11-20 01:48:31'),(695,'No',0,219,'2019-11-20 01:48:31','2019-11-20 01:48:31'),(696,'Yes',1,219,'2019-11-20 01:48:31','2019-11-20 01:48:31'),(697,'purple',0,220,'2019-11-20 01:48:31','2019-11-20 01:48:31'),(698,'green',0,220,'2019-11-20 01:48:31','2019-11-20 01:48:31'),(699,'yellow',1,220,'2019-11-20 01:48:31','2019-11-20 01:48:31'),(700,'white',0,220,'2019-11-20 01:48:31','2019-11-20 01:48:31'),(701,'Computer Programming and Statistics',0,221,'2019-11-20 01:48:31','2019-11-20 01:48:31'),(702,'Charitable People Solving Crime',0,221,'2019-11-20 01:48:31','2019-11-20 01:48:31'),(703,'Computer Science',1,221,'2019-11-20 01:48:31','2019-11-20 01:48:31'),(704,'Computer Programming',0,221,'2019-11-20 01:48:31','2019-11-20 01:48:31'),(705,'No',0,222,'2019-11-20 01:48:31','2019-11-20 01:48:31'),(706,'Yes',1,222,'2019-11-20 01:48:31','2019-11-20 01:48:31'),(707,'13',0,223,'2019-11-20 01:48:31','2019-11-20 01:48:31'),(708,'48',0,223,'2019-11-20 01:48:31','2019-11-20 01:48:31'),(709,'50',1,223,'2019-11-20 01:48:31','2019-11-20 01:48:31'),(710,'29',0,223,'2019-11-20 01:48:31','2019-11-20 01:48:31'),(711,'True',1,224,'2019-11-20 01:48:31','2019-11-20 01:48:31'),(712,'False',0,224,'2019-11-20 01:48:31','2019-11-20 01:48:31');
/*!40000 ALTER TABLE `question_options` ENABLE KEYS */;
UNLOCK TABLES;

--
-- Table structure for table `questions`
--

DROP TABLE IF EXISTS `questions`;
/*!40101 SET @saved_cs_client     = @@character_set_client */;
/*!40101 SET character_set_client = utf8 */;
CREATE TABLE `questions` (
  `id` bigint(20) unsigned NOT NULL AUTO_INCREMENT,
  `question_copy` longtext COLLATE utf8mb4_unicode_ci NOT NULL,
  `exam_id` bigint(20) unsigned NOT NULL,
  `created_at` timestamp NULL DEFAULT NULL,
  `updated_at` timestamp NULL DEFAULT NULL,
  PRIMARY KEY (`id`),
  KEY `questions_exam_id_foreign` (`exam_id`),
  CONSTRAINT `questions_exam_id_foreign` FOREIGN KEY (`exam_id`) REFERENCES `exams` (`id`)
) ENGINE=InnoDB AUTO_INCREMENT=225 DEFAULT CHARSET=utf8mb4 COLLATE=utf8mb4_unicode_ci;
/*!40101 SET character_set_client = @saved_cs_client */;

--
-- Dumping data for table `questions`
--

LOCK TABLES `questions` WRITE;
/*!40000 ALTER TABLE `questions` DISABLE KEYS */;
INSERT INTO `questions` VALUES (1,'The sum of 2 and 2 is _____.',1,'2019-11-20 01:48:05','2019-11-20 01:48:05'),(2,'Washington D.C. is a US state.',1,'2019-11-20 01:48:05','2019-11-20 01:48:05'),(3,'The answer is: Yes.',1,'2019-11-20 01:48:05','2019-11-20 01:48:05'),(4,'Governors State University is located in _____ Park, Illinois.',1,'2019-11-20 01:48:05','2019-11-20 01:48:05'),(5,'The course subject CPSC stands for _____.',2,'2019-11-20 01:48:05','2019-11-20 01:48:05'),(6,'Database are cool.',2,'2019-11-20 01:48:05','2019-11-20 01:48:05'),(7,'The answer is: Yes.',2,'2019-11-20 01:48:06','2019-11-20 01:48:06'),(8,'Governors State University is located in _____ Park, Illinois.',2,'2019-11-20 01:48:06','2019-11-20 01:48:06'),(9,'Governors State University is located in _____ Park, Illinois.',3,'2019-11-20 01:48:06','2019-11-20 01:48:06'),(10,'The answer is: Yes.',3,'2019-11-20 01:48:06','2019-11-20 01:48:06'),(11,'Database are cool.',3,'2019-11-20 01:48:06','2019-11-20 01:48:06'),(12,'The sum of 2 and 2 is _____.',3,'2019-11-20 01:48:06','2019-11-20 01:48:06'),(13,'Database are cool.',4,'2019-11-20 01:48:06','2019-11-20 01:48:06'),(14,'The course subject CPSC stands for _____.',4,'2019-11-20 01:48:06','2019-11-20 01:48:06'),(15,'The primary colors in the visible light spectrum are red, _____, and blue.',4,'2019-11-20 01:48:06','2019-11-20 01:48:06'),(16,'Washington D.C. is a US state.',4,'2019-11-20 01:48:07','2019-11-20 01:48:07'),(17,'Database are cool.',5,'2019-11-20 01:48:07','2019-11-20 01:48:07'),(18,'The sum of 2 and 2 is _____.',5,'2019-11-20 01:48:07','2019-11-20 01:48:07'),(19,'Governors State University is located in _____ Park, Illinois.',5,'2019-11-20 01:48:07','2019-11-20 01:48:07'),(20,'The answer is: Yes.',5,'2019-11-20 01:48:07','2019-11-20 01:48:07'),(21,'The primary colors in the visible light spectrum are red, _____, and blue.',6,'2019-11-20 01:48:07','2019-11-20 01:48:07'),(22,'The course subject CPSC stands for _____.',6,'2019-11-20 01:48:07','2019-11-20 01:48:07'),(23,'Database are cool.',6,'2019-11-20 01:48:07','2019-11-20 01:48:07'),(24,'The United States of America has how many states?',6,'2019-11-20 01:48:07','2019-11-20 01:48:07'),(25,'Governors State University is located in _____ Park, Illinois.',7,'2019-11-20 01:48:08','2019-11-20 01:48:08'),(26,'Washington D.C. is a US state.',7,'2019-11-20 01:48:08','2019-11-20 01:48:08'),(27,'The answer is: Yes.',7,'2019-11-20 01:48:08','2019-11-20 01:48:08'),(28,'The course subject CPSC stands for _____.',7,'2019-11-20 01:48:08','2019-11-20 01:48:08'),(29,'The primary colors in the visible light spectrum are red, _____, and blue.',8,'2019-11-20 01:48:08','2019-11-20 01:48:08'),(30,'Washington D.C. is a US state.',8,'2019-11-20 01:48:08','2019-11-20 01:48:08'),(31,'Governors State University is located in _____ Park, Illinois.',8,'2019-11-20 01:48:08','2019-11-20 01:48:08'),(32,'Database are cool.',8,'2019-11-20 01:48:08','2019-11-20 01:48:08'),(33,'The sum of 2 and 2 is _____.',9,'2019-11-20 01:48:08','2019-11-20 01:48:08'),(34,'The United States of America has how many states?',9,'2019-11-20 01:48:08','2019-11-20 01:48:08'),(35,'Database are cool.',9,'2019-11-20 01:48:08','2019-11-20 01:48:08'),(36,'Washington D.C. is a US state.',9,'2019-11-20 01:48:09','2019-11-20 01:48:09'),(37,'The answer is: Yes.',10,'2019-11-20 01:48:09','2019-11-20 01:48:09'),(38,'Database are cool.',10,'2019-11-20 01:48:09','2019-11-20 01:48:09'),(39,'The United States of America has how many states?',10,'2019-11-20 01:48:09','2019-11-20 01:48:09'),(40,'The course subject CPSC stands for _____.',10,'2019-11-20 01:48:09','2019-11-20 01:48:09'),(41,'Governors State University is located in _____ Park, Illinois.',11,'2019-11-20 01:48:09','2019-11-20 01:48:09'),(42,'The answer is: Yes.',11,'2019-11-20 01:48:09','2019-11-20 01:48:09'),(43,'The primary colors in the visible light spectrum are red, _____, and blue.',11,'2019-11-20 01:48:09','2019-11-20 01:48:09'),(44,'The sum of 2 and 2 is _____.',11,'2019-11-20 01:48:09','2019-11-20 01:48:09'),(45,'The sum of 2 and 2 is _____.',12,'2019-11-20 01:48:09','2019-11-20 01:48:09'),(46,'Governors State University is located in _____ Park, Illinois.',12,'2019-11-20 01:48:10','2019-11-20 01:48:10'),(47,'The answer is: Yes.',12,'2019-11-20 01:48:10','2019-11-20 01:48:10'),(48,'The course subject CPSC stands for _____.',12,'2019-11-20 01:48:10','2019-11-20 01:48:10'),(49,'Database are cool.',13,'2019-11-20 01:48:10','2019-11-20 01:48:10'),(50,'The sum of 2 and 2 is _____.',13,'2019-11-20 01:48:10','2019-11-20 01:48:10'),(51,'Washington D.C. is a US state.',13,'2019-11-20 01:48:10','2019-11-20 01:48:10'),(52,'The answer is: Yes.',13,'2019-11-20 01:48:10','2019-11-20 01:48:10'),(53,'Governors State University is located in _____ Park, Illinois.',14,'2019-11-20 01:48:10','2019-11-20 01:48:10'),(54,'Washington D.C. is a US state.',14,'2019-11-20 01:48:11','2019-11-20 01:48:11'),(55,'Database are cool.',14,'2019-11-20 01:48:11','2019-11-20 01:48:11'),(56,'The answer is: Yes.',14,'2019-11-20 01:48:11','2019-11-20 01:48:11'),(57,'The answer is: Yes.',15,'2019-11-20 01:48:11','2019-11-20 01:48:11'),(58,'The United States of America has how many states?',15,'2019-11-20 01:48:11','2019-11-20 01:48:11'),(59,'The course subject CPSC stands for _____.',15,'2019-11-20 01:48:11','2019-11-20 01:48:11'),(60,'Database are cool.',15,'2019-11-20 01:48:11','2019-11-20 01:48:11'),(61,'The sum of 2 and 2 is _____.',16,'2019-11-20 01:48:11','2019-11-20 01:48:11'),(62,'The answer is: Yes.',16,'2019-11-20 01:48:11','2019-11-20 01:48:11'),(63,'Washington D.C. is a US state.',16,'2019-11-20 01:48:12','2019-11-20 01:48:12'),(64,'Governors State University is located in _____ Park, Illinois.',16,'2019-11-20 01:48:12','2019-11-20 01:48:12'),(65,'The answer is: Yes.',17,'2019-11-20 01:48:12','2019-11-20 01:48:12'),(66,'The sum of 2 and 2 is _____.',17,'2019-11-20 01:48:12','2019-11-20 01:48:12'),(67,'Washington D.C. is a US state.',17,'2019-11-20 01:48:12','2019-11-20 01:48:12'),(68,'The course subject CPSC stands for _____.',17,'2019-11-20 01:48:12','2019-11-20 01:48:12'),(69,'Governors State University is located in _____ Park, Illinois.',18,'2019-11-20 01:48:12','2019-11-20 01:48:12'),(70,'The sum of 2 and 2 is _____.',18,'2019-11-20 01:48:12','2019-11-20 01:48:12'),(71,'The course subject CPSC stands for _____.',18,'2019-11-20 01:48:13','2019-11-20 01:48:13'),(72,'Washington D.C. is a US state.',18,'2019-11-20 01:48:13','2019-11-20 01:48:13'),(73,'Governors State University is located in _____ Park, Illinois.',19,'2019-11-20 01:48:13','2019-11-20 01:48:13'),(74,'Database are cool.',19,'2019-11-20 01:48:13','2019-11-20 01:48:13'),(75,'The answer is: Yes.',19,'2019-11-20 01:48:13','2019-11-20 01:48:13'),(76,'Washington D.C. is a US state.',19,'2019-11-20 01:48:13','2019-11-20 01:48:13'),(77,'Governors State University is located in _____ Park, Illinois.',20,'2019-11-20 01:48:13','2019-11-20 01:48:13'),(78,'Washington D.C. is a US state.',20,'2019-11-20 01:48:13','2019-11-20 01:48:13'),(79,'The primary colors in the visible light spectrum are red, _____, and blue.',20,'2019-11-20 01:48:13','2019-11-20 01:48:13'),(80,'Database are cool.',20,'2019-11-20 01:48:13','2019-11-20 01:48:13'),(81,'Governors State University is located in _____ Park, Illinois.',21,'2019-11-20 01:48:14','2019-11-20 01:48:14'),(82,'The answer is: Yes.',21,'2019-11-20 01:48:14','2019-11-20 01:48:14'),(83,'Washington D.C. is a US state.',21,'2019-11-20 01:48:14','2019-11-20 01:48:14'),(84,'The sum of 2 and 2 is _____.',21,'2019-11-20 01:48:14','2019-11-20 01:48:14'),(85,'The course subject CPSC stands for _____.',22,'2019-11-20 01:48:14','2019-11-20 01:48:14'),(86,'Governors State University is located in _____ Park, Illinois.',22,'2019-11-20 01:48:14','2019-11-20 01:48:14'),(87,'Washington D.C. is a US state.',22,'2019-11-20 01:48:14','2019-11-20 01:48:14'),(88,'The United States of America has how many states?',22,'2019-11-20 01:48:14','2019-11-20 01:48:14'),(89,'The answer is: Yes.',23,'2019-11-20 01:48:14','2019-11-20 01:48:14'),(90,'The primary colors in the visible light spectrum are red, _____, and blue.',23,'2019-11-20 01:48:14','2019-11-20 01:48:14'),(91,'The course subject CPSC stands for _____.',23,'2019-11-20 01:48:14','2019-11-20 01:48:14'),(92,'The sum of 2 and 2 is _____.',23,'2019-11-20 01:48:15','2019-11-20 01:48:15'),(93,'Governors State University is located in _____ Park, Illinois.',24,'2019-11-20 01:48:15','2019-11-20 01:48:15'),(94,'Database are cool.',24,'2019-11-20 01:48:15','2019-11-20 01:48:15'),(95,'The primary colors in the visible light spectrum are red, _____, and blue.',24,'2019-11-20 01:48:15','2019-11-20 01:48:15'),(96,'The answer is: Yes.',24,'2019-11-20 01:48:15','2019-11-20 01:48:15'),(97,'Governors State University is located in _____ Park, Illinois.',25,'2019-11-20 01:48:15','2019-11-20 01:48:15'),(98,'The United States of America has how many states?',25,'2019-11-20 01:48:15','2019-11-20 01:48:15'),(99,'The answer is: Yes.',25,'2019-11-20 01:48:15','2019-11-20 01:48:15'),(100,'Database are cool.',25,'2019-11-20 01:48:15','2019-11-20 01:48:15'),(101,'Database are cool.',26,'2019-11-20 01:48:16','2019-11-20 01:48:16'),(102,'Washington D.C. is a US state.',26,'2019-11-20 01:48:16','2019-11-20 01:48:16'),(103,'The United States of America has how many states?',26,'2019-11-20 01:48:16','2019-11-20 01:48:16'),(104,'The answer is: Yes.',26,'2019-11-20 01:48:16','2019-11-20 01:48:16'),(105,'Database are cool.',27,'2019-11-20 01:48:16','2019-11-20 01:48:16'),(106,'The sum of 2 and 2 is _____.',27,'2019-11-20 01:48:16','2019-11-20 01:48:16'),(107,'Washington D.C. is a US state.',27,'2019-11-20 01:48:16','2019-11-20 01:48:16'),(108,'The answer is: Yes.',27,'2019-11-20 01:48:16','2019-11-20 01:48:16'),(109,'Governors State University is located in _____ Park, Illinois.',28,'2019-11-20 01:48:16','2019-11-20 01:48:16'),(110,'The course subject CPSC stands for _____.',28,'2019-11-20 01:48:16','2019-11-20 01:48:16'),(111,'Database are cool.',28,'2019-11-20 01:48:16','2019-11-20 01:48:16'),(112,'The United States of America has how many states?',28,'2019-11-20 01:48:16','2019-11-20 01:48:16'),(113,'The sum of 2 and 2 is _____.',29,'2019-11-20 01:48:17','2019-11-20 01:48:17'),(114,'Database are cool.',29,'2019-11-20 01:48:17','2019-11-20 01:48:17'),(115,'The United States of America has how many states?',29,'2019-11-20 01:48:17','2019-11-20 01:48:17'),(116,'Washington D.C. is a US state.',29,'2019-11-20 01:48:17','2019-11-20 01:48:17'),(117,'Governors State University is located in _____ Park, Illinois.',30,'2019-11-20 01:48:17','2019-11-20 01:48:17'),(118,'The primary colors in the visible light spectrum are red, _____, and blue.',30,'2019-11-20 01:48:17','2019-11-20 01:48:17'),(119,'The United States of America has how many states?',30,'2019-11-20 01:48:17','2019-11-20 01:48:17'),(120,'The course subject CPSC stands for _____.',30,'2019-11-20 01:48:17','2019-11-20 01:48:17'),(121,'Washington D.C. is a US state.',31,'2019-11-20 01:48:17','2019-11-20 01:48:17'),(122,'The course subject CPSC stands for _____.',31,'2019-11-20 01:48:18','2019-11-20 01:48:18'),(123,'Database are cool.',31,'2019-11-20 01:48:18','2019-11-20 01:48:18'),(124,'The primary colors in the visible light spectrum are red, _____, and blue.',31,'2019-11-20 01:48:18','2019-11-20 01:48:18'),(125,'Governors State University is located in _____ Park, Illinois.',32,'2019-11-20 01:48:18','2019-11-20 01:48:18'),(126,'Washington D.C. is a US state.',32,'2019-11-20 01:48:18','2019-11-20 01:48:18'),(127,'The United States of America has how many states?',32,'2019-11-20 01:48:18','2019-11-20 01:48:18'),(128,'The course subject CPSC stands for _____.',32,'2019-11-20 01:48:18','2019-11-20 01:48:18'),(129,'The primary colors in the visible light spectrum are red, _____, and blue.',33,'2019-11-20 01:48:18','2019-11-20 01:48:18'),(130,'Governors State University is located in _____ Park, Illinois.',33,'2019-11-20 01:48:19','2019-11-20 01:48:19'),(131,'The sum of 2 and 2 is _____.',33,'2019-11-20 01:48:19','2019-11-20 01:48:19'),(132,'The answer is: Yes.',33,'2019-11-20 01:48:19','2019-11-20 01:48:19'),(133,'The primary colors in the visible light spectrum are red, _____, and blue.',34,'2019-11-20 01:48:19','2019-11-20 01:48:19'),(134,'Governors State University is located in _____ Park, Illinois.',34,'2019-11-20 01:48:19','2019-11-20 01:48:19'),(135,'The sum of 2 and 2 is _____.',34,'2019-11-20 01:48:19','2019-11-20 01:48:19'),(136,'The answer is: Yes.',34,'2019-11-20 01:48:19','2019-11-20 01:48:19'),(137,'The course subject CPSC stands for _____.',35,'2019-11-20 01:48:19','2019-11-20 01:48:19'),(138,'Database are cool.',35,'2019-11-20 01:48:20','2019-11-20 01:48:20'),(139,'The answer is: Yes.',35,'2019-11-20 01:48:20','2019-11-20 01:48:20'),(140,'The sum of 2 and 2 is _____.',35,'2019-11-20 01:48:20','2019-11-20 01:48:20'),(141,'Database are cool.',36,'2019-11-20 01:48:20','2019-11-20 01:48:20'),(142,'Governors State University is located in _____ Park, Illinois.',36,'2019-11-20 01:48:20','2019-11-20 01:48:20'),(143,'The answer is: Yes.',36,'2019-11-20 01:48:20','2019-11-20 01:48:20'),(144,'Washington D.C. is a US state.',36,'2019-11-20 01:48:20','2019-11-20 01:48:20'),(145,'The United States of America has how many states?',37,'2019-11-20 01:48:20','2019-11-20 01:48:20'),(146,'The answer is: Yes.',37,'2019-11-20 01:48:20','2019-11-20 01:48:20'),(147,'Governors State University is located in _____ Park, Illinois.',37,'2019-11-20 01:48:20','2019-11-20 01:48:20'),(148,'The sum of 2 and 2 is _____.',37,'2019-11-20 01:48:21','2019-11-20 01:48:21'),(149,'The sum of 2 and 2 is _____.',38,'2019-11-20 01:48:21','2019-11-20 01:48:21'),(150,'The primary colors in the visible light spectrum are red, _____, and blue.',38,'2019-11-20 01:48:21','2019-11-20 01:48:21'),(151,'Database are cool.',38,'2019-11-20 01:48:21','2019-11-20 01:48:21'),(152,'The answer is: Yes.',38,'2019-11-20 01:48:21','2019-11-20 01:48:21'),(153,'The United States of America has how many states?',39,'2019-11-20 01:48:21','2019-11-20 01:48:21'),(154,'Washington D.C. is a US state.',39,'2019-11-20 01:48:21','2019-11-20 01:48:21'),(155,'The primary colors in the visible light spectrum are red, _____, and blue.',39,'2019-11-20 01:48:21','2019-11-20 01:48:21'),(156,'The sum of 2 and 2 is _____.',39,'2019-11-20 01:48:22','2019-11-20 01:48:22'),(157,'The primary colors in the visible light spectrum are red, _____, and blue.',40,'2019-11-20 01:48:22','2019-11-20 01:48:22'),(158,'Washington D.C. is a US state.',40,'2019-11-20 01:48:22','2019-11-20 01:48:22'),(159,'The United States of America has how many states?',40,'2019-11-20 01:48:22','2019-11-20 01:48:22'),(160,'The course subject CPSC stands for _____.',40,'2019-11-20 01:48:22','2019-11-20 01:48:22'),(161,'Washington D.C. is a US state.',41,'2019-11-20 01:48:22','2019-11-20 01:48:22'),(162,'The sum of 2 and 2 is _____.',41,'2019-11-20 01:48:22','2019-11-20 01:48:22'),(163,'The answer is: Yes.',41,'2019-11-20 01:48:22','2019-11-20 01:48:22'),(164,'The course subject CPSC stands for _____.',41,'2019-11-20 01:48:22','2019-11-20 01:48:22'),(165,'The answer is: Yes.',42,'2019-11-20 01:48:23','2019-11-20 01:48:23'),(166,'Governors State University is located in _____ Park, Illinois.',42,'2019-11-20 01:48:23','2019-11-20 01:48:23'),(167,'Washington D.C. is a US state.',42,'2019-11-20 01:48:23','2019-11-20 01:48:23'),(168,'The primary colors in the visible light spectrum are red, _____, and blue.',42,'2019-11-20 01:48:23','2019-11-20 01:48:23'),(169,'The course subject CPSC stands for _____.',43,'2019-11-20 01:48:23','2019-11-20 01:48:23'),(170,'Washington D.C. is a US state.',43,'2019-11-20 01:48:23','2019-11-20 01:48:23'),(171,'Database are cool.',43,'2019-11-20 01:48:23','2019-11-20 01:48:23'),(172,'The United States of America has how many states?',43,'2019-11-20 01:48:23','2019-11-20 01:48:23'),(173,'The United States of America has how many states?',44,'2019-11-20 01:48:24','2019-11-20 01:48:24'),(174,'Database are cool.',44,'2019-11-20 01:48:24','2019-11-20 01:48:24'),(175,'The sum of 2 and 2 is _____.',44,'2019-11-20 01:48:24','2019-11-20 01:48:24'),(176,'The primary colors in the visible light spectrum are red, _____, and blue.',44,'2019-11-20 01:48:24','2019-11-20 01:48:24'),(177,'The primary colors in the visible light spectrum are red, _____, and blue.',45,'2019-11-20 01:48:24','2019-11-20 01:48:24'),(178,'Governors State University is located in _____ Park, Illinois.',45,'2019-11-20 01:48:24','2019-11-20 01:48:24'),(179,'The course subject CPSC stands for _____.',45,'2019-11-20 01:48:25','2019-11-20 01:48:25'),(180,'Washington D.C. is a US state.',45,'2019-11-20 01:48:26','2019-11-20 01:48:26'),(181,'The sum of 2 and 2 is _____.',46,'2019-11-20 01:48:26','2019-11-20 01:48:26'),(182,'The United States of America has how many states?',46,'2019-11-20 01:48:26','2019-11-20 01:48:26'),(183,'The course subject CPSC stands for _____.',46,'2019-11-20 01:48:27','2019-11-20 01:48:27'),(184,'Washington D.C. is a US state.',46,'2019-11-20 01:48:27','2019-11-20 01:48:27'),(185,'Governors State University is located in _____ Park, Illinois.',47,'2019-11-20 01:48:27','2019-11-20 01:48:27'),(186,'The course subject CPSC stands for _____.',47,'2019-11-20 01:48:27','2019-11-20 01:48:27'),(187,'Database are cool.',47,'2019-11-20 01:48:27','2019-11-20 01:48:27'),(188,'The primary colors in the visible light spectrum are red, _____, and blue.',47,'2019-11-20 01:48:27','2019-11-20 01:48:27'),(189,'Governors State University is located in _____ Park, Illinois.',48,'2019-11-20 01:48:27','2019-11-20 01:48:27'),(190,'Washington D.C. is a US state.',48,'2019-11-20 01:48:28','2019-11-20 01:48:28'),(191,'The primary colors in the visible light spectrum are red, _____, and blue.',48,'2019-11-20 01:48:28','2019-11-20 01:48:28'),(192,'The answer is: Yes.',48,'2019-11-20 01:48:28','2019-11-20 01:48:28'),(193,'The sum of 2 and 2 is _____.',49,'2019-11-20 01:48:28','2019-11-20 01:48:28'),(194,'The course subject CPSC stands for _____.',49,'2019-11-20 01:48:28','2019-11-20 01:48:28'),(195,'Database are cool.',49,'2019-11-20 01:48:28','2019-11-20 01:48:28'),(196,'The United States of America has how many states?',49,'2019-11-20 01:48:28','2019-11-20 01:48:28'),(197,'The primary colors in the visible light spectrum are red, _____, and blue.',50,'2019-11-20 01:48:28','2019-11-20 01:48:28'),(198,'The sum of 2 and 2 is _____.',50,'2019-11-20 01:48:28','2019-11-20 01:48:28'),(199,'Washington D.C. is a US state.',50,'2019-11-20 01:48:29','2019-11-20 01:48:29'),(200,'Governors State University is located in _____ Park, Illinois.',50,'2019-11-20 01:48:29','2019-11-20 01:48:29'),(201,'The sum of 2 and 2 is _____.',51,'2019-11-20 01:48:29','2019-11-20 01:48:29'),(202,'Governors State University is located in _____ Park, Illinois.',51,'2019-11-20 01:48:29','2019-11-20 01:48:29'),(203,'Database are cool.',51,'2019-11-20 01:48:29','2019-11-20 01:48:29'),(204,'The United States of America has how many states?',51,'2019-11-20 01:48:29','2019-11-20 01:48:29'),(205,'The United States of America has how many states?',52,'2019-11-20 01:48:29','2019-11-20 01:48:29'),(206,'The answer is: Yes.',52,'2019-11-20 01:48:29','2019-11-20 01:48:29'),(207,'The sum of 2 and 2 is _____.',52,'2019-11-20 01:48:29','2019-11-20 01:48:29'),(208,'Governors State University is located in _____ Park, Illinois.',52,'2019-11-20 01:48:30','2019-11-20 01:48:30'),(209,'Governors State University is located in _____ Park, Illinois.',53,'2019-11-20 01:48:30','2019-11-20 01:48:30'),(210,'Washington D.C. is a US state.',53,'2019-11-20 01:48:30','2019-11-20 01:48:30'),(211,'The United States of America has how many states?',53,'2019-11-20 01:48:30','2019-11-20 01:48:30'),(212,'The primary colors in the visible light spectrum are red, _____, and blue.',53,'2019-11-20 01:48:30','2019-11-20 01:48:30'),(213,'The United States of America has how many states?',54,'2019-11-20 01:48:30','2019-11-20 01:48:30'),(214,'Washington D.C. is a US state.',54,'2019-11-20 01:48:30','2019-11-20 01:48:30'),(215,'The primary colors in the visible light spectrum are red, _____, and blue.',54,'2019-11-20 01:48:30','2019-11-20 01:48:30'),(216,'Governors State University is located in _____ Park, Illinois.',54,'2019-11-20 01:48:30','2019-11-20 01:48:30'),(217,'The sum of 2 and 2 is _____.',55,'2019-11-20 01:48:30','2019-11-20 01:48:30'),(218,'The United States of America has how many states?',55,'2019-11-20 01:48:31','2019-11-20 01:48:31'),(219,'The answer is: Yes.',55,'2019-11-20 01:48:31','2019-11-20 01:48:31'),(220,'The primary colors in the visible light spectrum are red, _____, and blue.',55,'2019-11-20 01:48:31','2019-11-20 01:48:31'),(221,'The course subject CPSC stands for _____.',56,'2019-11-20 01:48:31','2019-11-20 01:48:31'),(222,'The answer is: Yes.',56,'2019-11-20 01:48:31','2019-11-20 01:48:31'),(223,'The United States of America has how many states?',56,'2019-11-20 01:48:31','2019-11-20 01:48:31'),(224,'Database are cool.',56,'2019-11-20 01:48:31','2019-11-20 01:48:31');
/*!40000 ALTER TABLE `questions` ENABLE KEYS */;
UNLOCK TABLES;

--
-- Table structure for table `users`
--

DROP TABLE IF EXISTS `users`;
/*!40101 SET @saved_cs_client     = @@character_set_client */;
/*!40101 SET character_set_client = utf8 */;
CREATE TABLE `users` (
  `id` bigint(20) unsigned NOT NULL AUTO_INCREMENT,
  `name` varchar(255) COLLATE utf8mb4_unicode_ci NOT NULL,
  `email` varchar(255) COLLATE utf8mb4_unicode_ci NOT NULL,
  `email_verified_at` timestamp NULL DEFAULT NULL,
  `password` varchar(255) COLLATE utf8mb4_unicode_ci NOT NULL,
  `remember_token` varchar(100) COLLATE utf8mb4_unicode_ci DEFAULT NULL,
  `created_at` timestamp NULL DEFAULT NULL,
  `updated_at` timestamp NULL DEFAULT NULL,
  PRIMARY KEY (`id`),
  UNIQUE KEY `users_email_unique` (`email`)
) ENGINE=InnoDB AUTO_INCREMENT=60 DEFAULT CHARSET=utf8mb4 COLLATE=utf8mb4_unicode_ci;
/*!40101 SET character_set_client = @saved_cs_client */;

--
-- Dumping data for table `users`
--

LOCK TABLES `users` WRITE;
/*!40000 ALTER TABLE `users` DISABLE KEYS */;
INSERT INTO `users` VALUES (1,'spark','spark@govst.edu',NULL,'$2y$10$iqh0s45EcbnKCVgkfEAgkup.Vx65PnOzXvH.s.c2Ksx3tL4C0NEhe',NULL,'2019-11-20 01:44:49','2019-11-20 01:44:49'),(2,'fkato','fkato@govst.edu',NULL,'$2y$10$xkZeJ/KJVnrcvnayQ0eAU./5iS0xwI1g61QLlDBnd3QilBP5.HF8C',NULL,'2019-11-20 01:44:49','2019-11-20 01:44:49'),(3,'ashahid','ashahid@govst.edu',NULL,'$2y$10$8kyhEKHAp1n0z.lNtrQ7JuzWJLxW/orQ/a1JerbUWCDdPHuVLCYl.',NULL,'2019-11-20 01:44:50','2019-11-20 01:44:50'),(4,'ydaoud2','ydaoud2@govst.edu',NULL,'$2y$10$Y58KDI/SIJcF3ndUKNiLremT7zqjzvE5qXHJsQNAIloP4iso4GRUe',NULL,'2019-11-20 01:44:50','2019-11-20 01:44:50'),(5,'nchen','nchen@govst.edu',NULL,'$2y$10$dQBegbP6qkgU5ZAfS.upx.dI.03L/V0qeb7TJSc7V0ILb9Ras/2H.',NULL,'2019-11-20 01:44:50','2019-11-20 01:44:50'),(6,'xchen3','xchen3@govst.edu',NULL,'$2y$10$2wtA8G4biU28lKkZOfXmxOhFk6LdFy9lahTAHe4BWCHYVThhQKwoa',NULL,'2019-11-20 01:44:50','2019-11-20 01:44:50'),(7,'namponsah','namponsah@govst.edu',NULL,'$2y$10$8yo7X6U1XRVF.kJdqnlztOUY7HuJLHgFW4M3Vo753iqbdc6v8f0Eu',NULL,'2019-11-20 01:44:50','2019-11-20 01:44:50'),(8,'lwagle0','student0@student.govst.edu',NULL,'$2y$10$vWQWcmXThf5NFSeh3AhqB.0WH6NtMs4cChuSYujRngOZqM1U4CHGu',NULL,'2019-11-20 01:47:16','2019-11-20 01:47:16'),(9,'tsweeney1','student1@student.govst.edu',NULL,'$2y$10$1gP.HRml8ASGtGmGYKDaReNwybtw4.ZW/53iBx1apowyu/koVeAeW',NULL,'2019-11-20 01:47:16','2019-11-20 01:47:16'),(10,'amccormack2','student2@student.govst.edu',NULL,'$2y$10$XeLFbzC0uV8vHvpY7KM4AeV8hGyBQ/uFulYQ/a7HBtsA4koUVCZgq',NULL,'2019-11-20 01:47:16','2019-11-20 01:47:16'),(11,'lfletcher3','student3@student.govst.edu',NULL,'$2y$10$RTvH1cYRuccXj8GqpeEsOu6P7j768lOYDRA1SCs7BRVdNrdZ8CMsK',NULL,'2019-11-20 01:47:16','2019-11-20 01:47:16'),(12,'jingram4','student4@student.govst.edu',NULL,'$2y$10$hE6BD6kXCEJDLC.R8SrAze2aV17LusRm5.CWqdmvJ9zMyqCshuOXu',NULL,'2019-11-20 01:47:17','2019-11-20 01:47:17'),(13,'fseverson5','student5@student.govst.edu',NULL,'$2y$10$TbafEnGwMVdiTNB.Iqy3H.9ktBUJX32SZxCzW40Io2Jj4InDaAmxW',NULL,'2019-11-20 01:47:17','2019-11-20 01:47:17'),(14,'edavidson6','student6@student.govst.edu',NULL,'$2y$10$VibAw/RX4p3yvhBgMbBwZuRDmPSOTZundDirhUIXoEmq0Exoh9mTe',NULL,'2019-11-20 01:47:17','2019-11-20 01:47:17'),(15,'mnugent7','student7@student.govst.edu',NULL,'$2y$10$LQTd1bqXU9KicNyG0G2phOZ2b40YcXyfLhQEML5DafvxoN0KjwW2G',NULL,'2019-11-20 01:47:17','2019-11-20 01:47:17'),(16,'afietzer8','student8@student.govst.edu',NULL,'$2y$10$BpB9rnp9z7awPE8eP/Kej.D1IyvoAjtEbij05oP8CG0Y4P8l/Eoam',NULL,'2019-11-20 01:47:17','2019-11-20 01:47:17'),(17,'obowers9','student9@student.govst.edu',NULL,'$2y$10$laMOghBrUjD07Roz77C4fuj4CDvg6V3LFCtK1I/HgBG/iM4AQSjmG',NULL,'2019-11-20 01:47:17','2019-11-20 01:47:17'),(18,'enelson10','student10@student.govst.edu',NULL,'$2y$10$LkCMfkffunvDx1BBkjMLvOdC8XX6uQtM0x083OU7LS0UIupILgbOq',NULL,'2019-11-20 01:47:17','2019-11-20 01:47:17'),(19,'nhylan11','student11@student.govst.edu',NULL,'$2y$10$4PWjba/qqScgsYQ2JlWSeu7Q0CQLh3ukVTKd4G5VMlMNkAprOspBq',NULL,'2019-11-20 01:47:18','2019-11-20 01:47:18'),(20,'hvail12','student12@student.govst.edu',NULL,'$2y$10$7iLyy0UT.4QW0Th.2g.sNO95.2E/vAClMZEHUu03TEPMp1v.pH/E6',NULL,'2019-11-20 01:47:18','2019-11-20 01:47:18'),(21,'jpaiser13','student13@student.govst.edu',NULL,'$2y$10$RaN/Dn0e9ItuqcyDEsc.lusb088ijhLHAQiwyThtdveK3lRBU9yja',NULL,'2019-11-20 01:47:18','2019-11-20 01:47:18'),(22,'mventotla14','student14@student.govst.edu',NULL,'$2y$10$pl0486CMSG0zUP4hi4vQoe8ugVblHH3OhOeoFeDu4Pz9U4PR9ILz2',NULL,'2019-11-20 01:47:18','2019-11-20 01:47:18'),(23,'rcaswell15','student15@student.govst.edu',NULL,'$2y$10$N1WEc6lzTryTKBw4jkdm9.YA7g9vErfaIFNmCDTiqSmHbEbDmisUC',NULL,'2019-11-20 01:47:18','2019-11-20 01:47:18'),(24,'fschutz16','student16@student.govst.edu',NULL,'$2y$10$xvxl0V9wWNf6ZrerkcwqU.UioIvT1Kwp8PxlunJ6LpyPmaj1IknjC',NULL,'2019-11-20 01:47:19','2019-11-20 01:47:19'),(25,'tcannon17','student17@student.govst.edu',NULL,'$2y$10$cByQS9rfJPyf6SNYxbpWTemTk./CyD1da/4Plpkf3kzys5bzADWIO',NULL,'2019-11-20 01:47:19','2019-11-20 01:47:19'),(26,'aschiebel18','student18@student.govst.edu',NULL,'$2y$10$YMoDSOg3cv3vtUjquPBJs.DvzZ2NGCkeeBggrRWFRQMQfNxnMuMnC',NULL,'2019-11-20 01:47:19','2019-11-20 01:47:19'),(27,'dfietzer19','student19@student.govst.edu',NULL,'$2y$10$hVpvPQf40TLJW8N4gDV7sOKbYs2hlDGGOZfo6dBY14O9nFqMoSJVu',NULL,'2019-11-20 01:47:19','2019-11-20 01:47:19'),(28,'wjones20','student20@student.govst.edu',NULL,'$2y$10$qw5oUzCfOGfE6P5Qnid.7.JqC3cysyA1RpjkJp9Z9gyngVNgU4RGO',NULL,'2019-11-20 01:47:19','2019-11-20 01:47:19'),(29,'eramachandran21','student21@student.govst.edu',NULL,'$2y$10$gLNgBDOOhuHqG6AfMBH1DeF29Gh.xhHJrfSdRWabXSlJOnKKM38a6',NULL,'2019-11-20 01:47:20','2019-11-20 01:47:20'),(30,'cjurgenson22','student22@student.govst.edu',NULL,'$2y$10$wP1KyV8vZ6BKkLSH8C4eI.m/dr5XSw4tkVmza0.ZcEZwTHVfbkNfi',NULL,'2019-11-20 01:47:20','2019-11-20 01:47:20'),(31,'pnugent23','student23@student.govst.edu',NULL,'$2y$10$HEKoHdr2W9mrmdVUz1VepuLcln7C58bfuHYGM/41DTkOADmMh6n7O',NULL,'2019-11-20 01:47:20','2019-11-20 01:47:20'),(32,'cmccord24','student24@student.govst.edu',NULL,'$2y$10$zLHy0gNjTXt.mj7dUZq7k.C1BZpSpHlOu9bsmH0HqkyA6afFKnYpy',NULL,'2019-11-20 01:47:20','2019-11-20 01:47:20'),(33,'mdinkins25','student25@student.govst.edu',NULL,'$2y$10$fXpxfm0b2G.YYGj37xXp/e5ACIAwH1jyZb7EhGlaBkntsG6DYg3.C',NULL,'2019-11-20 01:47:20','2019-11-20 01:47:20'),(34,'mseverson26','student26@student.govst.edu',NULL,'$2y$10$1frEUvxWnlzeTSj75Hev0uCceGSOdQPBLJ4Fwfo8/Sg0QXG7xJStq',NULL,'2019-11-20 01:47:20','2019-11-20 01:47:20'),(35,'sturco27','student27@student.govst.edu',NULL,'$2y$10$lOojFRHIy5jdFxhuNrSpAeQg829jZTUV5moBYMqY8Q.USlrNf1iBW',NULL,'2019-11-20 01:47:20','2019-11-20 01:47:20'),(36,'trogers28','student28@student.govst.edu',NULL,'$2y$10$6.HvMi8.R6xmVKg6uZu6teFy3zRUFqCHI4W/ypgQoE/aWxgU9Vmpe',NULL,'2019-11-20 01:47:21','2019-11-20 01:47:21'),(37,'jyates29','student29@student.govst.edu',NULL,'$2y$10$Y34qj61YssD.B.BGSuF9e.HK4tutuHybkyw0PA8L2s4PD47b2G46C',NULL,'2019-11-20 01:47:21','2019-11-20 01:47:21'),(38,'jtapia30','student30@student.govst.edu',NULL,'$2y$10$IH4EWm5JCe.YPZI.Ctku2O389HGQLHnkWoHIqF/4uPzKCIf9SJOdC',NULL,'2019-11-20 01:47:21','2019-11-20 01:47:21'),(39,'pzeller31','student31@student.govst.edu',NULL,'$2y$10$PjPAGJUu6YfLCscMm.JYSesOhsERsw46WyJ0m/95ZgkKUI12PkNsG',NULL,'2019-11-20 01:47:21','2019-11-20 01:47:21'),(40,'smoody32','student32@student.govst.edu',NULL,'$2y$10$mtcNRsURldTSQFpX3Emm3OyamOo0A6rEOGRAf6sKTXSGqljrLrSm.',NULL,'2019-11-20 01:47:21','2019-11-20 01:47:21'),(41,'mmartin33','student33@student.govst.edu',NULL,'$2y$10$8Z22oO7NFt1nZvR73swJ8et5u5N31zX2ECqL.ikE/lRu7M29FUXk2',NULL,'2019-11-20 01:47:21','2019-11-20 01:47:21'),(42,'jaikin34','student34@student.govst.edu',NULL,'$2y$10$t2Ae0tFoQgOPE3fVUiPtee4QmJJpDSl4jmVHcB9Dj4E1To/0LdrZa',NULL,'2019-11-20 01:47:22','2019-11-20 01:47:22'),(43,'emiller35','student35@student.govst.edu',NULL,'$2y$10$xbAPhVqD7UFS9.wA/LOHEePg7.NbNZlYKyIZUj3NwIZbTqMkrOgdm',NULL,'2019-11-20 01:47:22','2019-11-20 01:47:22'),(44,'dleisinger36','student36@student.govst.edu',NULL,'$2y$10$WB202g5j2NG2Q/IqnGH/g.CojdtV82wukg6kxtkvHUkGRUOHHTICC',NULL,'2019-11-20 01:47:22','2019-11-20 01:47:22'),(45,'mtrussel37','student37@student.govst.edu',NULL,'$2y$10$vIiMp26dUbzh1YhQKMAk7.CLG3pndpQsnrSjMcyCwpy5UgLg.6UyG',NULL,'2019-11-20 01:47:22','2019-11-20 01:47:22'),(46,'hhylan38','student38@student.govst.edu',NULL,'$2y$10$errTnIZeO4JKkVwXB03DcuWaJRDZYzwLqEwFToLcUrXWHckxBtqSm',NULL,'2019-11-20 01:47:22','2019-11-20 01:47:22'),(47,'dbaxster39','student39@student.govst.edu',NULL,'$2y$10$LXDT9VBWfIvih8DKPpkieOfHnZ.15nUmmHHyf5iPZrpMvwvtOdHKi',NULL,'2019-11-20 01:47:22','2019-11-20 01:47:22'),(48,'pmccord40','student40@student.govst.edu',NULL,'$2y$10$/wuDckFegFqCKZF8EXplk.gPRZq8txojqIgQ0vAxQBoW5Yewcd/ne',NULL,'2019-11-20 01:47:22','2019-11-20 01:47:22'),(49,'tferro41','student41@student.govst.edu',NULL,'$2y$10$q8hJxCO6khkvB87BE1NxReJD1AqSR/rOdAYY6f/yj/N9Ks6mdBY4m',NULL,'2019-11-20 01:47:23','2019-11-20 01:47:23'),(50,'vdoran42','student42@student.govst.edu',NULL,'$2y$10$g5l0IQa5gAc4vG2hYqctvOdNMNBbuixAVrKS3y8zQNutuU0Kc4w.S',NULL,'2019-11-20 01:47:23','2019-11-20 01:47:23'),(51,'atrusela43','student43@student.govst.edu',NULL,'$2y$10$wi5lyooZx.Lfs2U7mu7I8O9YmjQ1XPp4BpMhLhFtfjDJmPziS4626',NULL,'2019-11-20 01:47:23','2019-11-20 01:47:23'),(52,'rmiller44','student44@student.govst.edu',NULL,'$2y$10$2PZ6WfTuX8O3hBvyzx9/XepxVhBsTThGVtGKjXjg4oQbboXTUIps6',NULL,'2019-11-20 01:47:23','2019-11-20 01:47:23'),(53,'mshaffer45','student45@student.govst.edu',NULL,'$2y$10$a4iUEdfpB82jDwu.HALgpedigBMP8OBpfajPtf.R545ajW8Sx6.JW',NULL,'2019-11-20 01:47:23','2019-11-20 01:47:23'),(54,'tchambers46','student46@student.govst.edu',NULL,'$2y$10$Ucr5PoXetc0MTF8AZWuhEOgsnME5D8bG1PbtyHsKa7FoV0X1uEXo.',NULL,'2019-11-20 01:47:23','2019-11-20 01:47:23'),(55,'wingram47','student47@student.govst.edu',NULL,'$2y$10$RoqcNZ7IDx3Cz7JDRrCfYereWMqV6ePNh41qRDQVwfwhQt1z65iGC',NULL,'2019-11-20 01:47:23','2019-11-20 01:47:23'),(56,'olewis48','student48@student.govst.edu',NULL,'$2y$10$cQa44Dl8Bo7/wypJQYDcl.afRAMjB05F/B9ULF5B.FYBLKamOirWi',NULL,'2019-11-20 01:47:24','2019-11-20 01:47:24'),(57,'pkalleg49','student49@student.govst.edu',NULL,'$2y$10$20.w2mnu0pfBnKjpDd0Iuu38YctZ7ofH6dfylEm07y2LJwOYTFdZy',NULL,'2019-11-20 01:47:24','2019-11-20 01:47:24'),(58,'dpaz2','d.paz@live.com',NULL,'$2y$10$.sVueIALj8WRNPACHQElV.y.g8mT9V5rq8hwEOOdgohA30KSfM.Bm',NULL,'2019-11-20 17:55:45','2019-11-20 17:55:45'),(59,'ggrabauskas','ggrabauskas@student.govst.edu',NULL,'testaccount',NULL,'2019-11-20 18:18:23','2019-11-20 18:18:23');
/*!40000 ALTER TABLE `users` ENABLE KEYS */;
UNLOCK TABLES;
/*!40103 SET TIME_ZONE=@OLD_TIME_ZONE */;

/*!40101 SET SQL_MODE=@OLD_SQL_MODE */;
/*!40014 SET FOREIGN_KEY_CHECKS=@OLD_FOREIGN_KEY_CHECKS */;
/*!40014 SET UNIQUE_CHECKS=@OLD_UNIQUE_CHECKS */;
/*!40101 SET CHARACTER_SET_CLIENT=@OLD_CHARACTER_SET_CLIENT */;
/*!40101 SET CHARACTER_SET_RESULTS=@OLD_CHARACTER_SET_RESULTS */;
/*!40101 SET COLLATION_CONNECTION=@OLD_COLLATION_CONNECTION */;
/*!40111 SET SQL_NOTES=@OLD_SQL_NOTES */;

-- Dump completed on 2019-11-20 12:43:57
